d,target,seed,step,loss,loss_r,loss_ic,loss_bc,rel_l2,stderr,train_seconds
4,1e-02,0,0,1.823413e-01,5.924400e-02,7.223568e-02,5.086165e-02,1.958086e+00,3.439119e-03,0.1130
4,1e-02,0,250,3.754321e-02,7.936286e-04,3.018090e-02,6.568684e-03,6.447555e-01,2.986479e-03,16.1340
4,1e-02,0,500,1.560698e-02,9.077348e-04,9.222222e-03,5.477022e-03,3.717353e-01,1.683723e-03,33.3798
4,1e-02,0,750,9.153170e-03,1.045290e-03,4.730895e-03,3.376985e-03,2.821291e-01,1.171323e-03,49.4840
4,1e-02,0,1000,4.833964e-03,9.367152e-04,2.188124e-03,1.709125e-03,1.954631e-01,8.117505e-04,78.3267
4,1e-02,0,1250,3.798759e-03,8.991284e-04,1.544044e-03,1.355586e-03,1.944575e-01,6.662055e-04,95.7899
4,1e-02,0,1500,2.183978e-03,6.048629e-04,8.755412e-04,7.035741e-04,1.333262e-01,5.531154e-04,111.6627
4,1e-02,0,1750,1.699341e-03,4.897873e-04,6.701292e-04,5.394246e-04,1.179793e-01,4.753802e-04,127.3538
4,1e-02,0,2000,1.910174e-03,5.307666e-04,7.645254e-04,6.148821e-04,1.294958e-01,4.102725e-04,143.7925
4,1e-02,0,2250,1.221393e-03,3.751083e-04,4.768933e-04,3.693911e-04,9.547613e-02,3.600239e-04,159.1913
4,1e-02,0,2500,9.888313e-04,2.852525e-04,3.732863e-04,3.302925e-04,8.663063e-02,3.208721e-04,175.5596
4,1e-02,0,2750,7.443706e-04,2.450405e-04,2.682508e-04,2.310794e-04,7.662887e-02,2.727978e-04,191.0279
4,1e-02,0,3000,6.498810e-04,2.185497e-04,2.298362e-04,2.014951e-04,7.106669e-02,2.517334e-04,206.5715
4,1e-02,0,3250,5.663052e-04,1.929741e-04,2.018739e-04,1.714573e-04,6.646351e-02,2.375125e-04,222.1538
4,1e-02,0,3500,4.896677e-04,1.711676e-04,1.675046e-04,1.509956e-04,6.087801e-02,2.171716e-04,237.8645
4,1e-02,0,3750,4.256749e-04,1.486255e-04,1.455834e-04,1.314660e-04,5.716170e-02,2.061170e-04,253.2947
4,1e-02,0,4000,3.598147e-04,1.300482e-04,1.212131e-04,1.085534e-04,5.248302e-02,1.917986e-04,270.4056
4,1e-02,0,4250,3.156925e-04,1.161165e-04,1.048572e-04,9.471882e-05,4.907954e-02,1.815374e-04,286.5168
4,1e-02,0,4500,2.849136e-04,1.064092e-04,9.394651e-05,8.455791e-05,4.696640e-02,1.757586e-04,303.7172
4,1e-02,0,4750,2.695196e-04,9.841169e-05,8.890914e-05,8.219873e-05,4.684999e-02,1.628617e-04,319.9141
4,1e-02,0,5000,2.311264e-04,9.033222e-05,7.373571e-05,6.705843e-05,4.182926e-02,1.577108e-04,336.9004
4,1e-02,0,5250,1.989749e-04,7.916027e-05,6.300086e-05,5.681374e-05,3.990302e-02,1.554292e-04,352.4981
4,1e-02,0,5500,1.822415e-04,7.435643e-05,5.657523e-05,5.130980e-05,3.829704e-02,1.514152e-04,369.7307
4,1e-02,0,5750,1.679203e-04,6.962108e-05,5.080015e-05,4.749904e-05,3.694241e-02,1.473749e-04,385.3033
4,1e-02,0,6000,1.623704e-04,6.449680e-05,5.151465e-05,4.635891e-05,3.717797e-02,1.347687e-04,400.8900
4,1e-02,0,6250,1.382055e-04,6.093141e-05,3.996373e-05,3.731034e-05,3.398444e-02,1.436883e-04,416.4895
4,1e-02,0,6500,2.147826e-04,8.717191e-05,6.073737e-05,6.687334e-05,3.950655e-02,1.405229e-04,432.0958
4,1e-02,0,6750,1.303869e-04,5.594607e-05,3.850842e-05,3.593241e-05,3.239219e-02,1.422105e-04,447.5130
4,1e-02,0,7000,1.116529e-04,5.229092e-05,3.041750e-05,2.894449e-05,3.079340e-02,1.398054e-04,463.2226
4,1e-02,0,7250,6.053717e-04,8.992474e-05,2.413151e-04,2.741318e-04,9.332379e-02,1.938069e-04,478.7927
4,1e-02,0,7500,1.287137e-04,5.371755e-05,3.714614e-05,3.785003e-05,3.201850e-02,1.287118e-04,494.2939
4,1e-02,0,7750,5.229029e-04,6.285530e-05,2.354962e-04,2.245515e-04,9.074880e-02,1.684115e-04,510.7748
4,1e-02,0,8000,8.627132e-05,4.399656e-05,2.102547e-05,2.124929e-05,2.787414e-02,1.385582e-04,526.8726
4,1e-02,0,8250,8.096818e-05,4.183920e-05,1.928592e-05,1.984306e-05,2.740739e-02,1.375146e-04,542.6865
4,1e-02,0,8500,1.784051e-04,4.706394e-05,7.092704e-05,6.041415e-05,3.437057e-02,1.091482e-04,558.7083
4,1e-02,0,8750,7.358115e-05,3.926237e-05,1.675952e-05,1.755926e-05,2.640324e-02,1.364040e-04,574.6252
4,1e-02,0,9000,7.169574e-05,3.749395e-05,1.646388e-05,1.773791e-05,2.632458e-02,1.353721e-04,590.7413
4,1e-02,0,9250,2.428242e-03,1.093540e-04,1.275738e-03,1.043150e-03,1.639988e-01,1.145997e-04,606.6177
4,1e-02,0,9500,9.990152e-05,3.720120e-05,2.969174e-05,3.300856e-05,2.787376e-02,1.212433e-04,623.9640
4,1e-02,0,9750,8.927235e-05,3.441389e-05,2.988563e-05,2.497284e-05,2.948565e-02,1.096674e-04,639.6851
4,1e-02,0,10000,6.725035e-04,4.559518e-05,3.138788e-04,3.130296e-04,7.547459e-02,9.161041e-05,655.9421
4,1e-02,0,10250,8.074012e-05,4.128428e-05,1.596692e-05,2.348893e-05,2.709029e-02,1.316844e-04,671.4449
4,1e-02,0,10500,5.479646e-05,3.003885e-05,1.196350e-05,1.279410e-05,2.419382e-02,1.261394e-04,687.0168
4,1e-02,0,10750,1.572333e-04,5.553453e-05,4.792615e-05,5.377260e-05,4.154035e-02,9.863871e-05,703.5571
4,1e-02,0,11000,1.183170e-03,8.020870e-05,5.705751e-04,5.323865e-04,1.423162e-01,1.474903e-04,719.1244
4,1e-02,0,11250,2.233009e-04,4.992821e-05,6.893340e-05,1.044393e-04,6.812985e-02,1.483647e-04,738.2788
4,1e-02,0,11500,7.786229e-04,5.172095e-05,3.955421e-04,3.313598e-04,9.573983e-02,1.513914e-04,757.0692
4,1e-02,0,11750,1.663770e-04,3.053672e-05,6.793633e-05,6.790392e-05,5.402028e-02,9.553522e-05,774.1870
4,1e-02,0,12000,4.369223e-05,2.544760e-05,8.286740e-06,9.957899e-06,2.239153e-02,1.271132e-04,792.1372
4,1e-02,0,12250,1.772707e-04,3.061208e-05,8.595822e-05,6.070038e-05,3.749777e-02,9.758352e-05,814.0635
4,1e-02,0,12500,4.299313e-04,9.422460e-05,1.309086e-04,2.047981e-04,7.915840e-02,1.629820e-04,836.7680
4,1e-02,0,12750,2.279799e-04,2.739603e-05,9.074956e-05,1.098343e-04,5.586681e-02,8.970738e-05,858.4307
4,1e-02,0,13000,5.078510e-05,2.303164e-05,1.283801e-05,1.491545e-05,2.487420e-02,1.093465e-04,879.4393
4,1e-02,0,13250,3.879988e-05,2.228904e-05,7.903418e-06,8.607423e-06,2.197239e-02,1.234661e-04,901.0787
4,1e-02,0,13500,4.088016e-05,2.152841e-05,8.568672e-06,1.078308e-05,2.324011e-02,1.193991e-04,925.0982
4,1e-02,0,13750,2.756884e-04,2.380191e-05,1.170134e-04,1.348731e-04,5.465068e-02,1.083015e-04,955.2405
4,1e-02,0,14000,3.965616e-05,2.121482e-05,7.845145e-06,1.059619e-05,2.347869e-02,1.257989e-04,975.1453
4,1e-02,0,14250,5.141189e-05,2.046696e-05,1.380249e-05,1.714244e-05,2.392201e-02,1.145256e-04,995.5046
4,1e-02,0,14500,3.721733e-05,1.949188e-05,8.498642e-06,9.226811e-06,2.224844e-02,1.132934e-04,1019.5681
4,1e-02,0,14750,3.597860e-05,2.031162e-05,7.543889e-06,8.123084e-06,2.072626e-02,1.199411e-04,1040.6526
4,1e-02,0,15000,4.564291e-04,3.638812e-05,2.357569e-04,1.842841e-04,8.450357e-02,1.000475e-04,1064.2449
4,1e-02,0,15250,3.265739e-05,1.883876e-05,6.496220e-06,7.322416e-06,2.119865e-02,1.241138e-04,1087.0465
4,1e-02,0,15500,2.988171e-05,1.806229e-05,5.122693e-06,6.696731e-06,2.043850e-02,1.227950e-04,1107.1499
4,1e-02,0,15750,2.977031e-05,1.783834e-05,5.208197e-06,6.723772e-06,2.062765e-02,1.216681e-04,1131.3505
4,1e-02,0,16000,3.103849e-05,1.798698e-05,5.773445e-06,7.278061e-06,2.033345e-02,1.230604e-04,1160.3984
4,1e-02,0,16250,3.271875e-05,1.706054e-05,7.135926e-06,8.522286e-06,2.153431e-02,1.137749e-04,1192.1309
4,1e-02,0,16500,3.199389e-04,1.908152e-05,1.736009e-04,1.272564e-04,5.336911e-02,6.340178e-05,1217.3047
4,1e-02,0,16750,1.337762e-04,1.898136e-05,5.948469e-05,5.531011e-05,3.998545e-02,9.971427e-05,1238.8878
4,1e-02,0,17000,2.801377e-05,1.627176e-05,5.315051e-06,6.426961e-06,1.993830e-02,1.170559e-04,1259.1528
4,1e-02,0,17250,2.926204e-05,1.585768e-05,6.562976e-06,6.841381e-06,2.104088e-02,1.133926e-04,1280.2820
4,1e-02,0,17500,4.643670e-04,2.975048e-05,2.242082e-04,2.104083e-04,8.344494e-02,1.746741e-04,1303.3080
4,1e-02,0,17750,8.334471e-05,2.514225e-05,2.831286e-05,2.988960e-05,3.232822e-02,8.470010e-05,1324.7278
4,1e-02,0,18000,2.995958e-05,1.509108e-05,7.230146e-06,7.638353e-06,2.094864e-02,1.122910e-04,1346.1954
4,1e-02,0,18250,2.547193e-04,2.241155e-05,1.145575e-04,1.177503e-04,6.302681e-02,1.279648e-04,1368.2577
4,1e-02,0,18500,2.526800e-05,1.429726e-05,5.282532e-06,5.688209e-06,2.003695e-02,1.150255e-04,1390.2514
4,1e-02,0,18750,2.720757e-05,1.405825e-05,6.267647e-06,6.881675e-06,2.133043e-02,1.075230e-04,1416.6099
4,1e-02,0,19000,7.181386e-05,1.771726e-05,2.476049e-05,2.933612e-05,2.921259e-02,1.021394e-04,1440.3633
4,1e-02,0,19250,2.526466e-05,1.357710e-05,5.107936e-06,6.579622e-06,1.978855e-02,1.165885e-04,1461.3742
4,1e-02,0,19500,1.275293e-04,1.627410e-05,6.048139e-05,5.077381e-05,4.430181e-02,6.310045e-05,1485.8015
4,1e-02,0,19750,2.593980e-05,1.340064e-05,5.678726e-06,6.860435e-06,2.054085e-02,1.104564e-04,1506.6509
4,1e-02,0,20000,6.137705e-05,1.413363e-05,2.188736e-05,2.535607e-05,2.635487e-02,1.027580e-04,1530.6154
8,1e-01,0,0,3.223253e-01,3.158382e-02,9.632053e-02,1.944210e-01,7.869438e+00,8.348275e-03,0.1199
8,1e-01,0,250,2.721465e-03,3.202086e-05,2.523550e-03,1.658941e-04,9.368430e-01,9.541376e-03,17.3297
8,1e-01,0,500,2.649235e-03,3.516595e-05,2.453853e-03,1.602159e-04,9.265867e-01,9.529507e-03,34.6651
8,1e-01,0,750,2.557385e-03,3.487744e-05,2.362099e-03,1.604082e-04,9.116994e-01,9.503382e-03,52.2191
8,1e-01,0,1000,2.407886e-03,3.178406e-05,2.207255e-03,1.688474e-04,8.856491e-01,9.445533e-03,70.0519
8,1e-01,0,1250,2.202035e-03,2.769314e-05,1.970755e-03,2.035871e-04,8.447760e-01,9.317582e-03,89.6532
8,1e-01,0,1500,2.074209e-03,2.793398e-05,1.815032e-03,2.312426e-04,8.202072e-01,9.187139e-03,105.7195
8,1e-01,0,1750,1.876223e-03,2.396825e-05,1.599118e-03,2.531367e-04,7.828742e-01,9.032645e-03,121.7778
8,1e-01,0,2000,1.756483e-03,2.359483e-05,1.456856e-03,2.760320e-04,7.578932e-01,8.786690e-03,137.3801
8,1e-01,0,2250,1.644825e-03,2.314363e-05,1.302182e-03,3.194991e-04,7.401172e-01,8.496337e-03,152.9934
8,1e-01,0,2500,1.564840e-03,2.403891e-05,1.224548e-03,3.162526e-04,7.366221e-01,8.342229e-03,168.5687
8,1e-01,0,2750,1.447119e-03,2.611287e-05,1.099961e-03,3.210453e-04,7.256514e-01,8.055925e-03,184.1403
8,1e-01,0,3000,1.333577e-03,2.799108e-05,1.001483e-03,3.041024e-04,7.216207e-01,7.831554e-03,199.7778
8,1e-01,0,3250,2.312005e-03,4.392028e-05,1.295314e-03,9.727704e-04,7.781824e-01,7.395068e-03,215.7574
8,1e-01,0,3500,1.033612e-03,4.016757e-05,7.218989e-04,2.715458e-04,7.131451e-01,7.051162e-03,231.8941
8,1e-01,0,3750,9.018448e-04,5.044385e-05,6.102821e-04,2.411188e-04,7.132097e-01,6.730154e-03,247.6777
8,1e-01,0,4000,7.624358e-04,5.794066e-05,4.969694e-04,2.075258e-04,7.147217e-01,6.381541e-03,263.4647
8,1e-01,0,4250,6.618038e-04,6.397341e-05,4.266035e-04,1.712269e-04,7.170658e-01,6.174004e-03,279.2237
8,1e-01,0,4500,6.600661e-04,7.445022e-05,4.114185e-04,1.741974e-04,7.524197e-01,5.847428e-03,295.1068
8,1e-01,0,4750,4.510119e-04,7.312391e-05,2.633966e-04,1.144915e-04,7.267895e-01,5.678857e-03,310.9092
8,1e-01,0,5000,3.850057e-04,7.617687e-05,2.150986e-04,9.373026e-05,7.308419e-01,5.543978e-03,326.7932
8,1e-01,0,5250,5.527498e-04,7.594744e-05,2.718690e-04,2.049334e-04,7.464199e-01,5.348959e-03,342.6654
8,1e-01,0,5500,2.771416e-04,7.476020e-05,1.377112e-04,6.467026e-05,7.379693e-01,5.348416e-03,358.6479
8,1e-01,0,5750,1.073589e-03,7.443273e-05,7.397138e-04,2.594421e-04,7.713202e-01,6.673224e-03,374.5778
8,1e-01,0,6000,5.841387e-04,6.920821e-05,3.667475e-04,1.481830e-04,7.299410e-01,6.109768e-03,390.5571
8,1e-01,0,6250,1.945924e-03,8.225878e-05,1.003289e-03,8.603765e-04,8.273055e-01,5.635655e-03,406.6066
8,1e-01,0,6500,3.297958e-04,7.704552e-05,1.723188e-04,8.043142e-05,7.149993e-01,5.581758e-03,422.5835
8,1e-01,0,6750,2.753312e-04,7.663278e-05,1.343322e-04,6.436621e-05,7.143452e-01,5.454818e-03,438.7370
8,1e-01,0,7000,2.377670e-04,7.515398e-05,1.102667e-04,5.234636e-05,7.150524e-01,5.370968e-03,454.8003
8,1e-01,0,7250,2.024957e-04,7.052138e-05,8.828368e-05,4.369064e-05,7.144514e-01,5.278882e-03,470.8854
8,1e-01,0,7500,2.148313e-04,6.797024e-05,8.903297e-05,5.782806e-05,7.236181e-01,5.153331e-03,486.9080
8,1e-01,0,7750,1.549376e-04,6.422349e-05,6.043195e-05,3.028221e-05,7.139857e-01,5.176455e-03,503.1483
8,1e-01,0,8000,1.351312e-04,6.134427e-05,4.902399e-05,2.476290e-05,7.140437e-01,5.142829e-03,519.5764
8,1e-01,0,8250,3.464546e-04,5.985051e-05,1.483564e-04,1.382477e-04,7.386323e-01,4.939343e-03,535.7803
8,1e-01,0,8500,1.239942e-04,5.788554e-05,4.106562e-05,2.504303e-05,7.143762e-01,5.130051e-03,552.5426
8,1e-01,0,8750,1.025153e-04,4.964867e-05,3.368673e-05,1.917989e-05,7.131246e-01,5.081093e-03,568.4414
8,1e-01,0,9000,2.601173e-04,4.734451e-05,9.915773e-05,1.136151e-04,7.443777e-01,5.104422e-03,584.3730
8,1e-01,0,9250,3.999682e-04,4.644123e-05,1.929432e-04,1.605838e-04,7.180835e-01,4.733756e-03,600.4090
8,1e-01,0,9500,9.716765e-05,4.057794e-05,2.842635e-05,2.816336e-05,7.182340e-01,5.069081e-03,616.4685
8,1e-01,0,9750,5.703627e-05,3.777085e-05,1.187216e-05,7.393260e-06,7.065266e-01,4.955713e-03,632.6252
8,1e-01,0,10000,5.058569e-05,3.452858e-05,9.595661e-06,6.461447e-06,7.051768e-01,4.937309e-03,648.7501
4,1e-02,1,0,2.258217e-01,3.707026e-04,1.075816e-01,1.178694e-01,2.245503e+00,3.550117e-03,0.0367
4,1e-02,1,250,4.490355e-02,1.119308e-03,3.663592e-02,7.148322e-03,6.669391e-01,3.023488e-03,9.2876
4,1e-02,1,500,1.803612e-02,8.584506e-04,1.151716e-02,5.660504e-03,3.523191e-01,1.493513e-03,18.5623
4,1e-02,1,750,1.001992e-02,1.539866e-03,5.621665e-03,2.858391e-03,2.599305e-01,1.006652e-03,27.7822
4,1e-02,1,1000,6.328818e-03,1.426781e-03,3.031049e-03,1.870988e-03,2.072676e-01,7.415652e-04,37.2275
4,1e-02,1,1250,3.832412e-03,1.083748e-03,1.567984e-03,1.180680e-03,1.541513e-01,5.020039e-04,46.5184
4,1e-02,1,1500,2.185847e-03,8.131225e-04,7.317907e-04,6.409333e-04,1.107549e-01,3.652604e-04,55.8563
4,1e-02,1,1750,1.526014e-03,6.418795e-04,4.589217e-04,4.252129e-04,8.984783e-02,3.113887e-04,65.1150
4,1e-02,1,2000,1.189839e-03,5.230328e-04,3.444661e-04,3.223402e-04,7.939800e-02,2.867401e-04,74.4714
4,1e-02,1,2250,8.971087e-04,4.032301e-04,2.553663e-04,2.385123e-04,7.073061e-02,2.668848e-04,83.8646
4,1e-02,1,2500,7.497661e-04,3.376329e-04,2.124912e-04,1.996420e-04,6.606583e-02,2.588879e-04,93.1967
4,1e-02,1,2750,6.300070e-04,2.825397e-04,1.803917e-04,1.670757e-04,6.210413e-02,2.469272e-04,102.5412
4,1e-02,1,3000,5.407214e-04,2.381298e-04,1.580796e-04,1.445120e-04,5.870331e-02,2.381320e-04,111.8988
4,1e-02,1,3250,1.579809e-03,3.072461e-04,6.094626e-04,6.631002e-04,8.176378e-02,2.089118e-04,121.1972
4,1e-02,1,3500,3.835349e-04,1.663925e-04,1.138601e-04,1.032823e-04,5.158033e-02,2.129734e-04,130.5318
4,1e-02,1,3750,3.419014e-04,1.476459e-04,1.020957e-04,9.215985e-05,4.943455e-02,2.087306e-04,139.8276
4,1e-02,1,4000,3.022412e-04,1.310372e-04,9.020248e-05,8.100148e-05,4.703045e-02,1.992431e-04,149.0909
4,1e-02,1,4250,2.726563e-04,1.186731e-04,8.119177e-05,7.279140e-05,4.511851e-02,1.953540e-04,158.4354
4,1e-02,1,4500,2.468294e-04,1.086502e-04,7.288894e-05,6.529030e-05,4.317946e-02,1.876841e-04,167.6629
4,1e-02,1,4750,2.257469e-04,1.002502e-04,6.627329e-05,5.922340e-05,4.156684e-02,1.845473e-04,176.9348
4,1e-02,1,5000,2.042545e-04,9.198740e-05,5.906521e-05,5.320191e-05,3.973354e-02,1.776748e-04,186.5438
4,1e-02,1,5250,1.868907e-04,8.536885e-05,5.329324e-05,4.822865e-05,3.819420e-02,1.743882e-04,195.7671
4,1e-02,1,5500,5.051448e-04,9.317334e-05,1.909225e-04,2.210490e-04,7.867526e-02,1.904175e-04,205.7892
4,1e-02,1,5750,1.942589e-04,8.191980e-05,5.997819e-05,5.236094e-05,3.939250e-02,1.619548e-04,215.9268
4,1e-02,1,6000,1.560106e-04,7.334947e-05,4.353063e-05,3.913051e-05,3.479089e-02,1.635364e-04,226.4406
4,1e-02,1,6250,1.384503e-04,6.737604e-05,3.682040e-05,3.425384e-05,3.333927e-02,1.609385e-04,236.8489
4,1e-02,1,6500,1.290376e-04,6.397563e-05,3.347972e-05,3.158222e-05,3.234816e-02,1.589617e-04,247.1542
4,1e-02,1,6750,1.606538e-04,6.305308e-05,5.273925e-05,4.486147e-05,3.683716e-02,1.388543e-04,257.5274
4,1e-02,1,7000,1.164273e-04,5.896731e-05,2.950018e-05,2.795978e-05,3.080802e-02,1.549719e-04,267.8495
4,1e-02,1,7250,1.067386e-04,5.515628e-05,2.601234e-05,2.556995e-05,2.988403e-02,1.527009e-04,278.1476
4,1e-02,1,7500,1.152489e-04,5.495441e-05,3.033323e-05,2.996126e-05,3.016586e-02,1.500673e-04,288.5124
4,1e-02,1,7750,9.613243e-05,5.105180e-05,2.228382e-05,2.279681e-05,2.840627e-02,1.477529e-04,298.8899
4,1e-02,1,8000,3.560427e-04,6.847661e-05,1.447246e-04,1.428415e-04,4.341695e-02,1.284873e-04,309.2587
4,1e-02,1,8250,1.009618e-04,4.716947e-05,2.622230e-05,2.756998e-05,2.807467e-02,1.280027e-04,319.6240
4,1e-02,1,8500,8.329224e-05,4.487811e-05,1.840217e-05,2.001196e-05,2.730236e-02,1.393068e-04,329.9052
4,1e-02,1,8750,1.193855e-03,7.847950e-05,4.310225e-04,6.843534e-04,5.016924e-02,1.243953e-04,340.3564
4,1e-02,1,9000,7.432083e-05,4.094601e-05,1.582246e-05,1.755236e-05,2.583608e-02,1.357677e-04,351.0491
4,1e-02,1,9250,4.583744e-04,5.538433e-05,2.006927e-04,2.022974e-04,8.741369e-02,1.869700e-04,361.4613
4,1e-02,1,9500,7.140447e-05,3.811964e-05,1.572962e-05,1.755521e-05,2.558579e-02,1.253654e-04,371.8647
4,1e-02,1,9750,6.470762e-05,3.646694e-05,1.297887e-05,1.526182e-05,2.443387e-02,1.290198e-04,382.1700
4,1e-02,1,10000,6.620184e-04,4.048540e-05,3.508606e-04,2.706723e-04,8.222868e-02,1.632373e-04,392.4167
4,1e-02,1,10250,7.090918e-05,3.561166e-05,1.579561e-05,1.950191e-05,2.529899e-02,1.273507e-04,402.7037
4,1e-02,1,10500,5.826571e-05,3.322646e-05,1.121850e-05,1.382074e-05,2.398570e-02,1.262238e-04,413.1539
4,1e-02,1,10750,8.339976e-05,3.958920e-05,1.862188e-05,2.518868e-05,2.748178e-02,1.180237e-04,423.6181
4,1e-02,1,11000,5.640526e-05,3.138246e-05,1.142797e-05,1.359482e-05,2.391159e-02,1.187098e-04,433.9274
4,1e-02,1,11250,5.154781e-05,2.974681e-05,9.586432e-06,1.221457e-05,2.259120e-02,1.189474e-04,444.2109
4,1e-02,1,11500,5.116004e-05,2.929961e-05,9.509926e-06,1.235051e-05,2.253429e-02,1.173152e-04,454.5636
4,1e-02,1,11750,4.887842e-05,2.793847e-05,9.234363e-06,1.170559e-05,2.220321e-02,1.157821e-04,464.8843
4,1e-02,1,12000,1.056942e-04,2.942363e-05,3.752032e-05,3.875027e-05,3.412104e-02,9.284917e-05,475.3811
4,1e-02,1,12250,5.516852e-05,2.682860e-05,1.305405e-05,1.528587e-05,2.333732e-02,1.117399e-04,485.7663
4,1e-02,1,12500,5.591325e-05,2.726366e-05,1.256154e-05,1.608805e-05,2.321212e-02,1.082499e-04,496.1996
4,1e-02,1,12750,6.026652e-05,2.503210e-05,1.595468e-05,1.927974e-05,2.845637e-02,9.987513e-05,506.5830
4,1e-02,1,13000,4.459182e-05,2.491055e-05,8.287045e-06,1.139423e-05,2.230461e-02,1.079543e-04,516.8545
4,1e-02,1,13250,4.055818e-05,2.354497e-05,7.151736e-06,9.861479e-06,2.024406e-02,1.047636e-04,527.1939
4,1e-02,1,13500,4.108374e-05,2.283056e-05,8.217239e-06,1.003594e-05,2.033570e-02,1.035226e-04,537.5494
4,1e-02,1,13750,4.202027e-05,2.354300e-05,8.371005e-06,1.010627e-05,2.108491e-02,9.908367e-05,547.8955
4,1e-02,1,14000,2.000788e-03,3.805885e-05,1.063071e-03,8.996584e-04,1.389790e-01,1.265603e-04,558.2060
4,1e-02,1,14250,4.557618e-05,2.116266e-05,1.060867e-05,1.380485e-05,2.259202e-02,9.378752e-05,568.5160
4,1e-02,1,14500,6.034044e-05,3.379068e-05,1.622944e-05,1.032033e-05,2.019971e-02,9.545224e-05,578.8580
4,1e-02,1,14750,3.907494e-05,1.985332e-05,8.398440e-06,1.082318e-05,2.289436e-02,9.580370e-05,589.2319
4,1e-02,1,15000,4.558252e-05,1.965887e-05,1.291946e-05,1.300419e-05,2.299054e-02,9.057678e-05,599.6086
4,1e-02,1,15250,4.571089e-05,1.923390e-05,1.260255e-05,1.387444e-05,2.372798e-02,9.654454e-05,609.9790
4,1e-02,1,15500,3.082201e-04,2.493468e-05,1.564794e-04,1.268060e-04,6.896821e-02,7.809520e-05,620.2777
4,1e-02,1,15750,1.070036e-04,1.857466e-05,3.912066e-05,4.930826e-05,3.208757e-02,9.623861e-05,630.5357
4,1e-02,1,16000,3.989608e-05,1.731769e-05,1.025185e-05,1.232654e-05,2.298700e-02,8.305031e-05,640.8458
4,1e-02,1,16250,2.023042e-04,2.328571e-05,9.146941e-05,8.754911e-05,5.432696e-02,8.806626e-05,651.1589
4,1e-02,1,16500,7.207046e-05,1.947382e-05,3.181482e-05,2.078182e-05,2.662106e-02,7.522596e-05,661.3850
4,1e-02,1,16750,4.492207e-05,2.364037e-05,1.087867e-05,1.040304e-05,2.575878e-02,7.961456e-05,671.7090
4,1e-02,1,17000,2.493677e-04,1.717652e-05,1.057421e-04,1.264490e-04,3.190834e-02,8.695406e-05,681.9195
4,1e-02,1,17250,2.121613e-04,1.737815e-05,9.310993e-05,1.016732e-04,4.731664e-02,9.731953e-05,692.1514
4,1e-02,1,17500,1.050517e-03,2.228627e-05,5.647712e-04,4.634599e-04,1.043465e-01,1.029273e-04,702.4116
4,1e-02,1,17750,9.694280e-05,2.200120e-05,3.580601e-05,3.913559e-05,2.829379e-02,7.264546e-05,712.6692
4,1e-02,1,18000,3.143966e-04,3.165130e-05,1.304963e-04,1.522490e-04,7.716110e-02,1.463563e-04,722.8393
4,1e-02,1,18250,4.587885e-05,1.455500e-05,1.418612e-05,1.713772e-05,1.994811e-02,8.799241e-05,733.1066
4,1e-02,1,18500,6.763400e-05,1.411525e-05,2.336435e-05,3.015440e-05,2.576563e-02,7.695275e-05,743.2901
4,1e-02,1,18750,1.615679e-04,1.457176e-05,7.469407e-05,7.230206e-05,5.077279e-02,9.042710e-05,753.4097
4,1e-02,1,19000,2.227313e-04,1.571960e-05,1.138671e-04,9.314460e-05,5.669146e-02,6.258868e-05,763.5958
4,1e-02,1,19250,6.775641e-05,1.352418e-05,2.657414e-05,2.765809e-05,3.307276e-02,8.136356e-05,773.7299
4,1e-02,1,19500,2.584034e-05,1.300463e-05,6.007361e-06,6.828349e-06,1.821124e-02,7.796187e-05,783.9012
4,1e-02,1,19750,3.513778e-04,1.315380e-05,1.820156e-04,1.562084e-04,6.930176e-02,9.243375e-05,794.1644
4,1e-02,1,20000,2.128094e-05,1.253404e-05,3.584975e-06,5.161923e-06,1.706894e-02,8.355818e-05,804.3300
