d,seed,step,loss,loss_r,loss_tc,loss_bc,rel_sd,stderr_sd,rel_rms,train_seconds
1,0,0,5.029606e+00,2.479187e+00,3.358763e-01,2.214543e+00,1.387449e+00,3.432497e-03,8.775859e-01,0.0599
1,0,250,7.267789e-01,3.368983e-01,1.285588e-01,2.613217e-01,1.426872e+00,2.036128e-03,9.025218e-01,5.9678
1,0,500,4.193034e-02,2.508126e-02,1.122037e-02,5.628707e-03,1.359788e-01,2.291479e-04,8.600903e-02,12.2607
1,0,750,1.185443e-02,9.594221e-03,1.441993e-03,8.182192e-04,4.423022e-02,1.413174e-04,2.797640e-02,18.1410
1,0,1000,8.669931e-03,6.739222e-03,1.076884e-03,8.538240e-04,4.334941e-02,1.308084e-04,2.741928e-02,24.5270
1,0,1250,4.805772e-03,4.158440e-03,3.612579e-04,2.860749e-04,4.272031e-02,7.483149e-05,2.702135e-02,30.4176
1,0,1500,2.421479e-03,2.037426e-03,2.321076e-04,1.519456e-04,2.885283e-02,4.527803e-05,1.824993e-02,36.2494
1,0,1750,1.432069e-03,1.150574e-03,1.866420e-04,9.485357e-05,2.555939e-02,4.280935e-05,1.616677e-02,42.1725
1,0,2000,1.046248e-03,8.108966e-04,1.598411e-04,7.551053e-05,2.299860e-02,3.842244e-05,1.454703e-02,47.9390
1,0,2250,7.796793e-04,5.887836e-04,1.292104e-04,6.168534e-05,2.162566e-02,3.708326e-05,1.367862e-02,53.7725
1,0,2500,6.795212e-04,4.995763e-04,1.225543e-04,5.739064e-05,2.135948e-02,3.796431e-05,1.351025e-02,59.6408
1,0,2750,2.561041e-03,1.787762e-03,2.978768e-04,4.754017e-04,2.473704e-02,4.743334e-05,1.564662e-02,65.3506
1,0,3000,6.163950e-04,4.774156e-04,9.647269e-05,4.250672e-05,1.933034e-02,3.806729e-05,1.222678e-02,71.2075
1,0,3250,5.648087e-04,4.340249e-04,9.165376e-05,3.913004e-05,1.887093e-02,3.733147e-05,1.193620e-02,76.9521
1,0,3500,5.646569e-04,4.335084e-04,9.272112e-05,3.842743e-05,1.774973e-02,3.410769e-05,1.122702e-02,82.7664
1,0,3750,5.364619e-04,4.138175e-04,8.698548e-05,3.565896e-05,1.739610e-02,3.280992e-05,1.100334e-02,88.4980
1,0,4000,5.930735e-04,4.337253e-04,1.167670e-04,4.258117e-05,1.669685e-02,3.139807e-05,1.056106e-02,94.2340
1,0,4250,6.767873e-04,4.816001e-04,9.456812e-05,1.006191e-04,1.672839e-02,2.692329e-05,1.058100e-02,100.1338
1,0,4500,3.619944e-03,2.158293e-03,3.981281e-04,1.063523e-03,7.425964e-02,1.015481e-04,4.697054e-02,106.1171
1,0,4750,7.757198e-04,6.184644e-04,6.872357e-05,8.853188e-05,2.978472e-02,4.589803e-05,1.883936e-02,112.3640
1,0,5000,4.465037e-03,2.000567e-03,7.299859e-04,1.734484e-03,9.986124e-02,1.259431e-04,6.316401e-02,117.9031
1,1,0,5.002152e+00,2.789316e+00,1.980225e-01,2.014814e+00,2.229015e+00,4.237982e-03,1.409892e+00,0.0330
1,1,250,4.987570e-01,2.940804e-01,8.515116e-02,1.195254e-01,9.390506e-01,1.398118e-03,5.939662e-01,5.8782
1,1,500,1.736003e-02,1.623881e-02,6.347413e-04,4.864798e-04,1.226301e-01,2.384829e-04,7.756572e-02,11.7220
1,1,750,1.785545e-02,1.165296e-02,1.829165e-03,4.373324e-03,2.045828e-01,2.888884e-04,1.294023e-01,17.6829
1,1,1000,2.618359e-03,2.398601e-03,1.283053e-04,9.145329e-05,3.920519e-02,6.347116e-05,2.479798e-02,23.8379
1,1,1250,1.174136e-03,1.116574e-03,2.702396e-05,3.053829e-05,1.411231e-02,2.447445e-05,8.926290e-03,29.8088
1,1,1500,7.328093e-04,7.146900e-04,6.598026e-06,1.152136e-05,1.025332e-02,1.527259e-05,6.485410e-03,36.0193
1,1,1750,5.688973e-04,5.571467e-04,3.890284e-06,7.860279e-06,1.059573e-02,1.966616e-05,6.701991e-03,43.1319
1,1,2000,4.685865e-04,4.534427e-04,7.734368e-06,7.409390e-06,1.234451e-02,2.453541e-05,7.808123e-03,49.1776
1,1,2250,4.133238e-04,3.995609e-04,8.213027e-06,5.549891e-06,1.160604e-02,2.310622e-05,7.341026e-03,54.9547
1,1,2500,3.557856e-04,3.392181e-04,1.126055e-05,5.306959e-06,1.204456e-02,2.380483e-05,7.618396e-03,60.4642
1,1,2750,3.151058e-04,2.959777e-04,1.396535e-05,5.162733e-06,1.190372e-02,2.305834e-05,7.529315e-03,70.7625
1,1,3000,7.509310e-04,5.320242e-04,1.412886e-04,7.761821e-05,3.166750e-02,5.651417e-05,2.003026e-02,78.8387
1,1,3250,2.895549e-04,2.646615e-04,1.750774e-05,7.385646e-06,1.188069e-02,2.119551e-05,7.514747e-03,90.0104
1,1,3500,2.549641e-04,2.325431e-04,1.750613e-05,4.914838e-06,1.211013e-02,2.292773e-05,7.659874e-03,99.4064
1,1,3750,4.439822e-04,3.076513e-04,4.256772e-05,9.376313e-05,1.971976e-02,2.575560e-05,1.247310e-02,107.0896
1,1,4000,2.028470e-04,1.779531e-04,1.957826e-05,5.315619e-06,1.175360e-02,2.140173e-05,7.434362e-03,112.7522
1,1,4250,2.107284e-04,1.786854e-04,2.353078e-05,8.512204e-06,1.199553e-02,1.695033e-05,7.587387e-03,117.8313
1,1,4500,6.950173e-04,4.149736e-04,1.362338e-04,1.438099e-04,4.397664e-02,4.674027e-05,2.781601e-02,123.3380
1,1,4750,2.321727e-04,1.760136e-04,2.546634e-05,3.069279e-05,1.849265e-02,2.609910e-05,1.169693e-02,133.4407
1,1,5000,1.672280e-04,1.401723e-04,1.960780e-05,7.447888e-06,1.474592e-02,2.285939e-05,9.327059e-03,141.7878
1,2,0,5.455305e+00,3.814812e+00,5.235182e-02,1.588141e+00,1.761678e+00,3.321551e-03,1.114293e+00,0.0268
1,2,250,7.519077e-01,3.260447e-01,1.466931e-01,2.791699e-01,1.420437e+00,1.891757e-03,8.984517e-01,7.1475
1,2,500,1.396147e-02,1.229176e-02,1.017159e-03,6.525423e-04,4.636326e-02,1.027609e-04,2.932559e-02,13.2345
1,2,750,5.048954e-03,4.297814e-03,5.102986e-04,2.408412e-04,3.772616e-02,9.211873e-05,2.386247e-02,20.1393
1,2,1000,2.153735e-03,1.950112e-03,1.396744e-04,6.394875e-05,2.763841e-02,7.092033e-05,1.748179e-02,26.8049
1,2,1250,1.424563e-03,1.292913e-03,9.563012e-05,3.602000e-05,2.393140e-02,6.106009e-05,1.513704e-02,33.6970
1,2,1500,2.974246e-03,1.856405e-03,4.088012e-04,7.090404e-04,2.451685e-02,4.500729e-05,1.550734e-02,39.2047
1,2,1750,2.501988e-03,1.823901e-03,5.329073e-04,1.451800e-04,4.061954e-02,7.884881e-05,2.569258e-02,44.9209
1,2,2000,8.567309e-03,3.315395e-03,2.577855e-03,2.674059e-03,6.496156e-02,1.236589e-04,4.108934e-02,55.4432
1,2,2250,5.856392e-04,4.769244e-04,8.070299e-05,2.801187e-05,1.724403e-02,3.541270e-05,1.090716e-02,62.2490
1,2,2500,6.224653e-04,4.952668e-04,8.877524e-05,3.842328e-05,1.806412e-02,3.495440e-05,1.142588e-02,68.3723
1,2,2750,3.146758e-03,8.412674e-04,1.032424e-03,1.273066e-03,6.825679e-02,5.791801e-05,4.317363e-02,79.8170
1,2,3000,2.499703e-03,2.062383e-03,1.815484e-04,2.557711e-04,2.825617e-02,6.034192e-05,1.787253e-02,85.4627
1,2,3250,1.199753e-02,3.104916e-03,3.647954e-03,5.244660e-03,1.307876e-01,1.394524e-04,8.272551e-02,92.3072
1,2,3500,3.685126e-04,2.921569e-04,5.539482e-05,2.096084e-05,1.310873e-02,2.477146e-05,8.291503e-03,99.3399
1,2,3750,3.944198e-04,3.036094e-04,6.099331e-05,2.981713e-05,1.266358e-02,1.888365e-05,8.009937e-03,104.8874
1,2,4000,3.333605e-04,2.622525e-04,4.887645e-05,2.223154e-05,1.043582e-02,1.974532e-05,6.600843e-03,111.9497
1,2,4250,8.657601e-03,3.549325e-03,2.623683e-03,2.484594e-03,1.179740e-01,2.156130e-04,7.462068e-02,117.8659
1,2,4500,2.499770e-04,1.897963e-04,3.951434e-05,2.066641e-05,1.216629e-02,1.875015e-05,7.695394e-03,123.4638
1,2,4750,2.749049e-04,2.076406e-04,4.131159e-05,2.595270e-05,1.331992e-02,2.047410e-05,8.425087e-03,130.5452
1,2,5000,2.093098e-04,1.654359e-04,3.096183e-05,1.291203e-05,8.710345e-03,1.687332e-05,5.509448e-03,136.6818
2,0,0,6.250412e+00,4.290407e+00,1.806789e-01,1.779325e+00,2.222114e+00,3.724702e-03,1.227535e+00,0.0437
2,0,250,6.797354e-01,2.916908e-01,1.322122e-01,2.558324e-01,1.284346e+00,2.127170e-03,7.094956e-01,11.9848
2,0,500,4.126359e-02,2.909002e-02,6.604647e-03,5.568924e-03,1.252017e-01,3.166784e-04,6.916362e-02,20.9840
2,0,750,1.595496e-02,1.218991e-02,2.397308e-03,1.367733e-03,8.638537e-02,1.545354e-04,4.772080e-02,30.5676
2,0,1000,9.183630e-03,7.209409e-03,1.138970e-03,8.352513e-04,6.528394e-02,1.186740e-04,3.606400e-02,40.7327
2,0,1250,5.945411e-03,4.655051e-03,6.757285e-04,6.146308e-04,5.304334e-02,1.085806e-04,2.930208e-02,51.3227
2,0,1500,4.133412e-03,3.213565e-03,4.842082e-04,4.356389e-04,4.287104e-02,9.186485e-05,2.368272e-02,60.4945
2,0,1750,3.190020e-03,2.433944e-03,4.051445e-04,3.509319e-04,3.665222e-02,8.659567e-05,2.024734e-02,68.8441
2,0,2000,2.582803e-03,1.900734e-03,3.753745e-04,3.066951e-04,3.278513e-02,8.692721e-05,1.811109e-02,78.7968
2,0,2250,1.979431e-03,1.419815e-03,3.126307e-04,2.469854e-04,2.865410e-02,8.248875e-05,1.582903e-02,91.0970
2,0,2500,3.720511e-03,2.702050e-03,4.230528e-04,5.954083e-04,3.024499e-02,9.569122e-05,1.670786e-02,100.5280
2,0,2750,1.295929e-03,8.536411e-04,2.550663e-04,1.872221e-04,2.481250e-02,7.431656e-05,1.370686e-02,109.9862
2,0,3000,1.294840e-03,8.204530e-04,2.974063e-04,1.769808e-04,2.404088e-02,5.674546e-05,1.328061e-02,119.9684
2,0,3250,1.054319e-03,6.883133e-04,2.264152e-04,1.395901e-04,2.392019e-02,6.925381e-05,1.321394e-02,130.1183
2,0,3500,8.693178e-04,5.309423e-04,1.822129e-04,1.561626e-04,2.140823e-02,5.742801e-05,1.182629e-02,139.9233
2,0,3750,1.325348e-03,7.265335e-04,3.681431e-04,2.306716e-04,2.900740e-02,6.433702e-05,1.602420e-02,149.1297
2,0,4000,8.432561e-04,4.070226e-04,2.620758e-04,1.741577e-04,1.871227e-02,5.767727e-05,1.033699e-02,157.7436
2,0,4250,5.104468e-04,3.251565e-04,1.100257e-04,7.526464e-05,1.609125e-02,4.629998e-05,8.889089e-03,166.5606
2,0,4500,5.020485e-04,3.240861e-04,1.038470e-04,7.411540e-05,1.995526e-02,3.910613e-05,1.102364e-02,175.1288
2,0,4750,9.414282e-04,6.654345e-04,1.282313e-04,1.477623e-04,2.193636e-02,4.498688e-05,1.211803e-02,184.6665
2,0,5000,3.763257e-04,2.431433e-04,8.319868e-05,4.998380e-05,1.518831e-02,3.160609e-05,8.390291e-03,195.5455
2,1,0,6.547750e+00,4.774209e+00,1.070371e-01,1.666504e+00,2.072658e+00,3.811523e-03,1.144973e+00,0.0441
2,1,250,6.620381e-01,3.075795e-01,1.072995e-01,2.471591e-01,1.291243e+00,2.189358e-03,7.133052e-01,11.4656
2,1,500,3.118857e-01,1.934622e-01,3.101430e-02,8.740922e-02,5.092270e-01,1.567042e-03,2.813060e-01,26.1521
2,1,750,7.380526e-03,6.703687e-03,3.387701e-04,3.380692e-04,4.690021e-02,1.167556e-04,2.590850e-02,36.0948
2,1,1000,3.960446e-03,3.585335e-03,1.842070e-04,1.909041e-04,3.375055e-02,7.088818e-05,1.864440e-02,46.0945
2,1,1250,2.335730e-03,2.061027e-03,1.587128e-04,1.159896e-04,2.758094e-02,5.386169e-05,1.523620e-02,56.8743
2,1,1500,1.752151e-03,1.517402e-03,1.455828e-04,8.916568e-05,2.459488e-02,4.909724e-05,1.358665e-02,68.5358
2,1,1750,1.340192e-03,1.135788e-03,1.368714e-04,6.753290e-05,2.249291e-02,4.841888e-05,1.242548e-02,76.5404
2,1,2000,1.133839e-03,9.587482e-04,1.215969e-04,5.349435e-05,2.172351e-02,5.075487e-05,1.200045e-02,84.4591
2,1,2250,9.321577e-04,7.858306e-04,1.029421e-04,4.338497e-05,2.096916e-02,5.247723e-05,1.158374e-02,92.9530
2,1,2500,7.918128e-04,6.712491e-04,8.669802e-05,3.386561e-05,2.089805e-02,5.545885e-05,1.154445e-02,102.8259
2,1,2750,6.858924e-04,5.779783e-04,7.819142e-05,2.972264e-05,2.055704e-02,5.636342e-05,1.135607e-02,111.6294
2,1,3000,1.794474e-03,1.258605e-03,1.768517e-04,3.590178e-04,4.286805e-02,9.271348e-05,2.368107e-02,121.4309
2,1,3250,1.040624e-03,8.779219e-04,6.812130e-05,9.458056e-05,1.754836e-02,3.539931e-05,9.694025e-03,129.9939
2,1,3500,3.595775e-03,2.792476e-03,2.343707e-04,5.689277e-04,5.548143e-02,8.986510e-05,3.064892e-02,138.6788
2,1,3750,9.339447e-03,6.872973e-03,4.326773e-04,2.033797e-03,6.366424e-02,1.474177e-04,3.516925e-02,151.1743
2,1,4000,4.529236e-04,3.888267e-04,4.291467e-05,2.118218e-05,1.749903e-02,4.552061e-05,9.666775e-03,160.4944
2,1,4250,4.205721e-04,3.631747e-04,3.718514e-05,2.021217e-05,1.602435e-02,4.130656e-05,8.852134e-03,170.2706
2,1,4500,4.258095e-03,9.228872e-04,2.169644e-03,1.165565e-03,9.972968e-02,9.127689e-05,5.509244e-02,181.8081
2,1,4750,1.320085e-02,9.402988e-03,7.327960e-04,3.065068e-03,1.156244e-01,2.483415e-04,6.387294e-02,196.9034
2,1,5000,9.043894e-04,5.832609e-04,2.345499e-04,8.657869e-05,2.516743e-02,3.853845e-05,1.390293e-02,208.4266
2,2,0,6.673131e+00,4.908612e+00,1.031959e-01,1.661324e+00,2.051757e+00,3.391342e-03,1.133427e+00,0.0405
2,2,250,4.583639e-01,2.427966e-01,6.053206e-02,1.550352e-01,1.107356e+00,1.853714e-03,6.117233e-01,10.6172
2,2,500,1.371695e-01,8.494645e-02,1.322095e-02,3.900211e-02,5.521539e-01,1.032923e-03,3.050195e-01,24.3469
2,2,750,1.624218e-02,9.864629e-03,3.431941e-03,2.945614e-03,1.190649e-01,1.904182e-04,6.577354e-02,35.1014
2,2,1000,1.006639e-02,6.143290e-03,2.216889e-03,1.706216e-03,8.581876e-02,1.556353e-04,4.740780e-02,43.5979
2,2,1250,9.881957e-03,6.276354e-03,2.069627e-03,1.535976e-03,8.594628e-02,1.375996e-04,4.747824e-02,52.7004
2,2,1500,6.402505e-03,4.084257e-03,1.354549e-03,9.636991e-04,6.325294e-02,1.313285e-04,3.494204e-02,62.2435
2,2,1750,7.108511e-03,4.698073e-03,1.381221e-03,1.029217e-03,6.289261e-02,1.829540e-04,3.474299e-02,71.9745
2,2,2000,4.053375e-03,2.620874e-03,8.537785e-04,5.787220e-04,4.952410e-02,1.089565e-04,2.735799e-02,80.7875
2,2,2250,3.100567e-03,1.998388e-03,6.613916e-04,4.407876e-04,4.320026e-02,9.473701e-05,2.386458e-02,89.2995
2,2,2500,2.433351e-03,1.551652e-03,5.345983e-04,3.471002e-04,3.796468e-02,7.567918e-05,2.097236e-02,99.5413
2,2,2750,1.935812e-03,1.259840e-03,4.144344e-04,2.615380e-04,3.206112e-02,7.300505e-05,1.771113e-02,111.9886
2,2,3000,1.555956e-03,9.828900e-04,3.584578e-04,2.146079e-04,2.898921e-02,5.420547e-05,1.601415e-02,123.7159
2,2,3250,8.236089e-03,6.189904e-03,9.231407e-04,1.123044e-03,5.134242e-02,1.071373e-04,2.836246e-02,132.5581
2,2,3500,1.538599e-03,1.029693e-03,2.575894e-04,2.513162e-04,2.779857e-02,7.415858e-05,1.535642e-02,140.7824
2,2,3750,1.608808e-02,9.950086e-03,4.119021e-03,2.018975e-03,9.026414e-02,1.137621e-04,4.986351e-02,149.7079
2,2,4000,9.203204e-04,5.978743e-04,1.965337e-04,1.259123e-04,1.799103e-02,5.770779e-05,9.938563e-03,160.2936
2,2,4250,7.383103e-03,4.388946e-03,9.894622e-04,2.004696e-03,7.280266e-02,1.529720e-04,4.021748e-02,172.1453
2,2,4500,4.832376e-04,3.285737e-04,1.004878e-04,5.417610e-05,1.149227e-02,3.690911e-05,6.348531e-03,182.5022
2,2,4750,5.474687e-04,3.976459e-04,8.906001e-05,6.076282e-05,1.041483e-02,3.317624e-05,5.753335e-03,198.8909
2,2,5000,3.212810e-03,2.751234e-03,2.596871e-04,2.018895e-04,3.783736e-02,8.506448e-05,2.090202e-02,210.8994
4,0,0,1.054007e+01,8.078586e+00,2.493878e-01,2.212099e+00,2.388009e+00,3.838870e-03,1.068087e+00,0.1138
4,0,250,8.292526e-01,4.369662e-01,1.382644e-01,2.540220e-01,1.253419e+00,2.464147e-03,5.606179e-01,19.3386
4,0,500,4.751452e-01,2.357001e-01,9.429861e-02,1.451465e-01,9.873118e-01,2.053708e-03,4.415959e-01,51.5937
4,0,750,2.111184e-01,1.118532e-01,3.338213e-02,6.588305e-02,5.053250e-01,1.185015e-03,2.260172e-01,103.6641
4,0,1000,1.158125e-01,6.612312e-02,1.454149e-02,3.514793e-02,4.275879e-01,8.536084e-04,1.912477e-01,156.2021
4,0,1250,8.461166e-02,4.390858e-02,1.255919e-02,2.814389e-02,3.436316e-01,8.025727e-04,1.536965e-01,175.8290
4,0,1500,6.481084e-02,2.597723e-02,1.180800e-02,2.702561e-02,2.439885e-01,9.470444e-04,1.091290e-01,190.9606
4,0,1750,5.217217e-02,2.035196e-02,8.297148e-03,2.352306e-02,2.511361e-01,7.945598e-04,1.123259e-01,205.4237
4,0,2000,4.144325e-02,1.840385e-02,5.641224e-03,1.739818e-02,1.948919e-01,7.607053e-04,8.716952e-02,219.9861
4,0,2250,5.616545e-02,2.820743e-02,9.712404e-03,1.824562e-02,1.821514e-01,5.972618e-04,8.147103e-02,234.9631
4,0,2500,5.177628e-02,2.770864e-02,6.677193e-03,1.739045e-02,2.002673e-01,4.365997e-04,8.957374e-02,250.6422
4,0,2750,1.937766e-02,9.801871e-03,2.203370e-03,7.372417e-03,1.471904e-01,5.743504e-04,6.583399e-02,265.0272
4,0,3000,3.046232e-02,1.481265e-02,5.666499e-03,9.983166e-03,1.403285e-01,6.070990e-04,6.276486e-02,280.7992
4,0,3250,2.628395e-02,1.561897e-02,2.983931e-03,7.681054e-03,1.918252e-01,4.516308e-04,8.579783e-02,298.0228
4,0,3500,1.783780e-02,1.029623e-02,1.974764e-03,5.566800e-03,1.323537e-01,6.084343e-04,5.919799e-02,316.1021
4,0,3750,4.523744e-02,2.313924e-02,7.382981e-03,1.471521e-02,1.556631e-01,4.496375e-04,6.962360e-02,332.2910
4,0,4000,3.473969e-02,1.759996e-02,5.414513e-03,1.172521e-02,1.574537e-01,4.264635e-04,7.042449e-02,349.9881
4,0,4250,1.184074e-02,4.980734e-03,1.144598e-03,5.715404e-03,1.317283e-01,5.288040e-04,5.891823e-02,368.8841
4,0,4500,2.149706e-02,1.199039e-02,3.041791e-03,6.464880e-03,1.790948e-01,3.770004e-04,8.010391e-02,387.7597
4,0,4750,3.481360e-02,2.433911e-02,2.943689e-03,7.530799e-03,1.915613e-01,4.007059e-04,8.567983e-02,402.5899
4,0,5000,9.849388e-03,4.165919e-03,1.332270e-03,4.351198e-03,1.035947e-01,5.792618e-04,4.633491e-02,417.9244
4,1,0,1.024094e+01,6.881140e+00,4.714113e-01,2.888386e+00,2.633206e+00,4.263315e-03,1.177757e+00,0.0630
4,1,250,9.975425e-01,5.073659e-01,1.542145e-01,3.359621e-01,1.358904e+00,2.579627e-03,6.077984e-01,14.8142
4,1,500,6.467118e-01,2.344923e-01,1.506690e-01,2.615505e-01,1.087391e+00,2.248882e-03,4.863583e-01,29.7340
4,1,750,1.188029e-01,8.755455e-02,1.480284e-02,1.644555e-02,2.601611e-01,4.917573e-04,1.163625e-01,44.9128
4,1,1000,1.845261e-02,1.314808e-02,3.321219e-03,1.983308e-03,7.485735e-02,1.833007e-04,3.348152e-02,61.5063
4,1,1250,9.708892e-03,7.200364e-03,1.453514e-03,1.055014e-03,5.716409e-02,1.306684e-04,2.556784e-02,76.9621
4,1,1500,5.949238e-03,4.525628e-03,7.567435e-04,6.668672e-04,4.720022e-02,1.035669e-04,2.111129e-02,92.8255
4,1,1750,4.281653e-03,3.305357e-03,5.011046e-04,4.751907e-04,4.023984e-02,8.627327e-05,1.799811e-02,108.4312
4,1,2000,4.964067e-03,3.677185e-03,5.255234e-04,7.613582e-04,5.757369e-02,1.016270e-04,2.575104e-02,123.4703
4,1,2250,2.862706e-03,2.189150e-03,3.575241e-04,3.160320e-04,3.215636e-02,6.625952e-05,1.438261e-02,138.0096
4,1,2500,4.511263e-03,2.789367e-03,5.037200e-04,1.218176e-03,7.101545e-02,9.988128e-05,3.176315e-02,153.2437
4,1,2750,1.759693e-03,1.341613e-03,2.111922e-04,2.068876e-04,2.913644e-02,6.129262e-05,1.303189e-02,168.8843
4,1,3000,1.376249e-03,1.091131e-03,1.477777e-04,1.373407e-04,2.309007e-02,4.938212e-05,1.032752e-02,184.0732
4,1,3250,1.421233e-03,1.049160e-03,1.408776e-04,2.311952e-04,2.415175e-02,5.228045e-05,1.080238e-02,199.5911
4,1,3500,1.171937e-02,3.075841e-03,3.324300e-03,5.319228e-03,1.580402e-01,9.837231e-05,7.068680e-02,214.5507
4,1,3750,1.506485e-02,1.216031e-02,1.619673e-04,2.742577e-03,9.853116e-02,1.531568e-04,4.407013e-02,248.3922
4,1,4000,1.736620e-03,7.242670e-04,5.914254e-04,4.209274e-04,7.017768e-02,7.012143e-05,3.138844e-02,264.4742
4,1,4250,6.556524e-04,5.336649e-04,6.444135e-05,5.754615e-05,1.440087e-02,3.479893e-05,6.441090e-03,281.1776
4,1,4500,6.204376e-04,5.014901e-04,6.302453e-05,5.592301e-05,1.457804e-02,3.488288e-05,6.520336e-03,297.1402
4,1,4750,1.516911e-03,1.246126e-03,1.329894e-04,1.377959e-04,1.650075e-02,3.985311e-05,7.380308e-03,314.2606
4,1,5000,1.115539e-03,7.321522e-04,1.004819e-04,2.829047e-04,2.705777e-02,3.894817e-05,1.210216e-02,328.9635
4,2,0,1.004576e+01,6.918493e+00,4.671957e-01,2.660067e+00,2.693142e+00,3.364664e-03,1.204564e+00,0.0634
4,2,250,9.300310e-01,4.191646e-01,1.310311e-01,3.798353e-01,1.270161e+00,2.434408e-03,5.681061e-01,16.4886
4,2,500,5.170858e-01,2.483061e-01,8.605885e-02,1.827209e-01,8.567032e-01,1.949569e-03,3.831785e-01,31.4250
4,2,750,4.645080e-02,3.432595e-02,7.183081e-03,4.941768e-03,1.217524e-01,2.749535e-04,5.445633e-02,45.7003
4,2,1000,1.990669e-02,1.415254e-02,3.382684e-03,2.371469e-03,8.609296e-02,1.847149e-04,3.850689e-02,60.2390
4,2,1250,1.135194e-02,8.481724e-03,1.618556e-03,1.251657e-03,6.230947e-02,1.347666e-04,2.786922e-02,74.8662
4,2,1500,7.435434e-03,5.683074e-03,9.463084e-04,8.060522e-04,5.051141e-02,1.049998e-04,2.259229e-02,91.6641
4,2,1750,1.232962e-02,8.645979e-03,7.869010e-04,2.896742e-03,4.561650e-02,1.029662e-04,2.040294e-02,115.1875
4,2,2000,3.882835e-03,2.979987e-03,4.666985e-04,4.361501e-04,3.895790e-02,7.962853e-05,1.742474e-02,130.4016
4,2,2250,3.119792e-03,2.426643e-03,3.591049e-04,3.340442e-04,3.452741e-02,7.110401e-05,1.544311e-02,144.9452
4,2,2500,2.904749e-03,2.203970e-03,3.614904e-04,3.392885e-04,3.215798e-02,6.638025e-05,1.438333e-02,159.6478
4,2,2750,2.292644e-03,1.795298e-03,2.818601e-04,2.154859e-04,2.924308e-02,6.002094e-05,1.307958e-02,176.5059
4,2,3000,5.052537e-03,3.573152e-03,6.573516e-04,8.220334e-04,3.178823e-02,6.324742e-05,1.421795e-02,192.4348
4,2,3250,1.591167e-03,1.252668e-03,1.884344e-04,1.500648e-04,2.492210e-02,5.153625e-05,1.114693e-02,209.3229
4,2,3500,1.513274e-03,1.193142e-03,1.810398e-04,1.390915e-04,2.327096e-02,4.891812e-05,1.040843e-02,226.4145
4,2,3750,1.206743e-03,9.525298e-04,1.436577e-04,1.105556e-04,2.160700e-02,4.606217e-05,9.664185e-03,240.8873
4,2,4000,1.165138e-03,9.215910e-04,1.428173e-04,1.007299e-04,1.901753e-02,4.198625e-05,8.505989e-03,256.3753
4,2,4250,2.999884e-03,2.440174e-03,1.371565e-04,4.225536e-04,4.698182e-02,8.108851e-05,2.101360e-02,270.7474
4,2,4500,8.601833e-04,6.943164e-04,9.284962e-05,7.301726e-05,1.756690e-02,4.019438e-05,7.857164e-03,284.7009
4,2,4750,9.073874e-04,6.439014e-04,1.489970e-04,1.144890e-04,1.976506e-02,4.544723e-05,8.840337e-03,299.2739
4,2,5000,8.255268e-04,6.651643e-04,7.899357e-05,8.136892e-05,2.125979e-02,4.720293e-05,9.508887e-03,317.9389
8,0,0,2.187289e+01,1.565291e+01,9.785475e-01,5.241433e+00,3.018902e+00,3.943234e-03,1.050180e+00,0.1421
8,0,250,2.983001e+00,2.073269e+00,1.690319e-01,7.407008e-01,1.757826e+00,3.837018e-03,6.114917e-01,31.7592
8,0,500,1.147491e+00,5.187440e-01,2.438156e-01,3.849311e-01,1.161414e+00,2.542424e-03,4.040191e-01,63.1491
8,0,750,5.114042e-01,2.413627e-01,1.126313e-01,1.574102e-01,7.848968e-01,2.020053e-03,2.730407e-01,132.9279
8,0,1000,2.524305e-01,1.357938e-01,5.353426e-02,6.310239e-02,4.887817e-01,1.757082e-03,1.700316e-01,184.2040
8,0,1250,9.105402e-02,6.017115e-02,1.571401e-02,1.516886e-02,2.073741e-01,6.974642e-04,7.213885e-02,216.8766
8,0,1500,6.788830e-02,3.921805e-02,9.989538e-03,1.868072e-02,2.314718e-01,3.841172e-04,8.052169e-02,267.0675
8,0,1750,2.279742e-02,1.764201e-02,2.736849e-03,2.418553e-03,7.823240e-02,1.945968e-04,2.721457e-02,293.1654
8,0,2000,1.714839e-02,1.338946e-02,1.911222e-03,1.847706e-03,6.547322e-02,1.642055e-04,2.277605e-02,320.7662
8,0,2250,2.859762e-02,2.492369e-02,2.176187e-03,1.497747e-03,7.326038e-02,1.692287e-04,2.548496e-02,347.3726
8,0,2500,1.049491e-02,8.552588e-03,9.871017e-04,9.552175e-04,5.270572e-02,1.337984e-04,1.833464e-02,374.5526
8,0,2750,9.901193e-03,7.726141e-03,1.299031e-03,8.760205e-04,4.428182e-02,1.194264e-04,1.540424e-02,403.5548
8,0,3000,1.061998e-02,7.467236e-03,1.525683e-03,1.627063e-03,6.393344e-02,1.374330e-04,2.224041e-02,430.3206
8,0,3250,7.251448e-03,5.703644e-03,5.459721e-04,1.001832e-03,4.191084e-02,1.009224e-04,1.457945e-02,458.9649
8,0,3500,5.912415e-03,4.912500e-03,4.768014e-04,5.231138e-04,4.068391e-02,1.043884e-04,1.415264e-02,484.9718
8,0,3750,5.290512e-03,4.393348e-03,4.313205e-04,4.658433e-04,3.863623e-02,9.962591e-05,1.344032e-02,511.6487
8,0,4000,4.876961e-03,4.059914e-03,3.836141e-04,4.334335e-04,3.736737e-02,9.665909e-05,1.299892e-02,545.4363
8,0,4250,4.504154e-03,3.749450e-03,3.545512e-04,4.001525e-04,3.650918e-02,9.456805e-05,1.270038e-02,578.5401
8,0,4500,4.054653e-03,3.401441e-03,3.114839e-04,3.417287e-04,3.617618e-02,9.294046e-05,1.258454e-02,605.8758
8,0,4750,3.779128e-03,3.151481e-03,2.838423e-04,3.438054e-04,3.344045e-02,8.582201e-05,1.163287e-02,631.7832
8,0,5000,3.549705e-03,2.933205e-03,2.626033e-04,3.538971e-04,3.218056e-02,8.350919e-05,1.119460e-02,657.8447
8,1,0,2.223688e+01,1.530116e+01,1.246872e+00,5.688849e+00,3.079607e+00,3.362413e-03,1.071297e+00,0.1056
8,1,250,1.947317e+00,9.243037e-01,2.974049e-01,7.256081e-01,1.498818e+00,3.039090e-03,5.213913e-01,26.8884
8,1,500,1.110843e+00,4.849828e-01,2.212455e-01,4.046147e-01,1.297550e+00,2.672059e-03,4.513764e-01,53.4619
8,1,750,7.221336e-01,2.608355e-01,1.682390e-01,2.930591e-01,1.083719e+00,2.454510e-03,3.769914e-01,78.9670
8,1,1000,5.796332e-01,2.288687e-01,1.312838e-01,2.194806e-01,9.554563e-01,2.301554e-03,3.323729e-01,105.4372
8,1,1250,4.132395e-01,1.907510e-01,8.952899e-02,1.329595e-01,7.485702e-01,2.047111e-03,2.604038e-01,130.8771
8,1,1500,2.347185e-01,1.301076e-01,4.999702e-02,5.461391e-02,4.643918e-01,1.764754e-03,1.615471e-01,157.8042
8,1,1750,9.349094e-02,6.403887e-02,1.620629e-02,1.324577e-02,2.135386e-01,4.177339e-04,7.428329e-02,183.9887
8,1,2000,3.285301e-02,2.429186e-02,4.447900e-03,4.113245e-03,9.702670e-02,2.426256e-04,3.375251e-02,210.2699
8,1,2250,2.129343e-02,1.583741e-02,2.669002e-03,2.787016e-03,7.371485e-02,1.978084e-04,2.564306e-02,236.1958
8,1,2500,2.385323e-02,1.514662e-02,3.005002e-03,5.701614e-03,1.032995e-01,2.029610e-04,3.593461e-02,262.4367
8,1,2750,1.176912e-02,9.227064e-03,1.361207e-03,1.180850e-03,6.525582e-02,1.552859e-04,2.270043e-02,288.3377
8,1,3000,9.351384e-03,7.260118e-03,1.067681e-03,1.023585e-03,5.197296e-02,1.320643e-04,1.807974e-02,314.6592
8,1,3250,8.308637e-02,3.660325e-02,1.145363e-02,3.502950e-02,1.956402e-01,2.082430e-04,6.805703e-02,341.1726
8,1,3500,6.814790e-03,5.335123e-03,7.256173e-04,7.540498e-04,4.426664e-02,1.120853e-04,1.539896e-02,367.4980
8,1,3750,6.268640e-03,4.906125e-03,6.149493e-04,7.475652e-04,4.590713e-02,1.139802e-04,1.596963e-02,395.0988
8,1,4000,5.485787e-03,4.326053e-03,6.285487e-04,5.311852e-04,3.900555e-02,9.869848e-05,1.356879e-02,423.0072
8,1,4250,4.960312e-03,3.946091e-03,4.593522e-04,5.548694e-04,3.663782e-02,9.299953e-05,1.274513e-02,451.1181
8,1,4500,8.206822e-02,6.517306e-02,1.850080e-03,1.504508e-02,2.173211e-01,2.765016e-04,7.559909e-02,477.8188
8,1,4750,3.782045e-03,3.085934e-03,3.494510e-04,3.466601e-04,3.538658e-02,8.782445e-05,1.230987e-02,504.5602
8,1,5000,3.887780e-03,3.045534e-03,3.247629e-04,5.174836e-04,3.312097e-02,7.993095e-05,1.152173e-02,536.6997
8,2,0,2.198821e+01,1.555554e+01,1.019192e+00,5.413476e+00,3.076823e+00,3.429865e-03,1.070329e+00,0.1269
8,2,250,2.706415e+00,1.824409e+00,1.885842e-01,6.934217e-01,1.757861e+00,3.762180e-03,6.115040e-01,29.8381
8,2,500,5.455373e+00,2.778593e+00,1.195098e+00,1.481682e+00,1.120999e+00,2.583636e-03,3.899599e-01,56.3620
8,2,750,9.498534e-01,3.818072e-01,1.823397e-01,3.857065e-01,1.196600e+00,2.569908e-03,4.162593e-01,82.4350
8,2,1000,6.693577e-01,2.908421e-01,1.361382e-01,2.423773e-01,9.704148e-01,2.432575e-03,3.375765e-01,109.4284
8,2,1250,3.411344e-01,1.807774e-01,6.562870e-02,9.472836e-02,6.451018e-01,2.353802e-03,2.244104e-01,136.2791
8,2,1500,1.599617e-01,8.572203e-02,4.176508e-02,3.247457e-02,4.286289e-01,1.298709e-03,1.491064e-01,162.3474
8,2,1750,5.046938e-02,3.607037e-02,8.088781e-03,6.310230e-03,1.358183e-01,6.463413e-04,4.724689e-02,189.0473
8,2,2000,2.613056e-02,1.971389e-02,3.549851e-03,2.866825e-03,9.271764e-02,3.305704e-04,3.225352e-02,214.6528
8,2,2250,1.742234e-02,1.331717e-02,2.197251e-03,1.907916e-03,7.513397e-02,2.545855e-04,2.613672e-02,241.2019
8,2,2500,1.328520e-02,1.017392e-02,1.637469e-03,1.473818e-03,6.990798e-02,2.110826e-04,2.431877e-02,267.5693
8,2,2750,1.193265e-02,8.940960e-03,1.554492e-03,1.437201e-03,6.950055e-02,1.835101e-04,2.417704e-02,293.4214
8,2,3000,8.458215e-03,6.536664e-03,9.756919e-04,9.458589e-04,5.252228e-02,1.758814e-04,1.827083e-02,319.5108
8,2,3250,1.462149e-02,8.163624e-03,2.953847e-03,3.504022e-03,5.692201e-02,1.659760e-04,1.980136e-02,344.7602
8,2,3500,9.175155e-03,6.474932e-03,6.338570e-04,2.066367e-03,5.090955e-02,1.609557e-04,1.770981e-02,371.1989
8,2,3750,5.278197e-03,4.213923e-03,5.140489e-04,5.502251e-04,4.360814e-02,1.309514e-04,1.516989e-02,398.6367
8,2,4000,4.684081e-03,3.705157e-03,4.256774e-04,5.532460e-04,3.630287e-02,1.231283e-04,1.262862e-02,426.7551
8,2,4250,4.262285e-03,3.453850e-03,3.867179e-04,4.217169e-04,4.971713e-02,1.143438e-04,1.729501e-02,453.9755
8,2,4500,5.265216e-03,4.301020e-03,4.183416e-04,5.458543e-04,3.584953e-02,1.111610e-04,1.247091e-02,481.3196
8,2,4750,1.219441e-02,6.454187e-03,2.583240e-03,3.156978e-03,8.883232e-02,1.112974e-04,3.090194e-02,509.2326
8,2,5000,8.011708e-03,6.577251e-03,9.427306e-04,4.917267e-04,4.450782e-02,1.039569e-04,1.548286e-02,536.4675
16,0,0,5.822886e+01,3.761386e+01,4.998309e+00,1.561669e+01,3.845016e+00,3.846995e-03,1.048813e+00,0.3150
16,0,250,3.577332e+00,2.352499e+00,3.446972e-01,8.801365e-01,1.506407e+00,3.419896e-03,4.109057e-01,49.1381
16,0,500,1.346873e+00,8.081344e-01,2.132738e-01,3.254652e-01,1.278814e+00,2.817691e-03,3.488247e-01,99.7404
16,0,750,1.045492e+00,6.807890e-01,1.527117e-01,2.119913e-01,1.202899e+00,2.702830e-03,3.281173e-01,151.6977
16,0,1000,7.252492e-01,4.402861e-01,1.296689e-01,1.552941e-01,1.194537e+00,2.744778e-03,3.258362e-01,203.1632
16,0,1250,5.724405e-01,3.455499e-01,1.077849e-01,1.191056e-01,1.169459e+00,2.724123e-03,3.189957e-01,254.4286
16,0,1500,4.581483e-01,2.757569e-01,8.930668e-02,9.308472e-02,1.143270e+00,2.697270e-03,3.118522e-01,306.5346
16,0,1750,4.298636e-01,2.518315e-01,9.013930e-02,8.789274e-02,1.110705e+00,2.557601e-03,3.029692e-01,356.5502
16,0,2000,2.904672e-01,1.855285e-01,5.397704e-02,5.096169e-02,1.105269e+00,2.686289e-03,3.014864e-01,406.9994
16,0,2250,2.352264e-01,1.542154e-01,4.240893e-02,3.860209e-02,1.090823e+00,2.677875e-03,2.975461e-01,457.9961
16,0,2500,4.229439e+01,3.607895e+01,5.561371e-01,5.659298e+00,1.968571e+00,3.209216e-03,5.369711e-01,510.7814
16,0,2750,3.330347e+00,1.645964e+00,4.555119e-01,1.228871e+00,1.515631e+00,3.280835e-03,4.134219e-01,561.7264
16,0,3000,1.530232e+00,9.084970e-01,2.315707e-01,3.901642e-01,1.076660e+00,2.351174e-03,2.936827e-01,612.8110
16,0,3250,8.830390e-01,5.549300e-01,1.402347e-01,1.878743e-01,9.013826e-01,2.099995e-03,2.458720e-01,665.2942
16,0,3500,6.151424e-01,3.837534e-01,1.020245e-01,1.293645e-01,8.348651e-01,2.097258e-03,2.277279e-01,713.1362
16,0,3750,4.817528e-01,3.006471e-01,8.226944e-02,9.883633e-02,8.020089e-01,2.123229e-03,2.187656e-01,761.1855
16,0,4000,3.965791e-01,2.490856e-01,6.905587e-02,7.843766e-02,7.766678e-01,2.133416e-03,2.118533e-01,809.4365
16,0,4250,3.334502e-01,2.107482e-01,5.902819e-02,6.367383e-02,7.534482e-01,2.133867e-03,2.055196e-01,857.8135
16,0,4500,2.825543e-01,1.795940e-01,5.072408e-02,5.223620e-02,7.316940e-01,2.131583e-03,1.995857e-01,907.2467
16,0,4750,2.474415e-01,1.524769e-01,4.994606e-02,4.501858e-02,7.100226e-01,1.999061e-03,1.936743e-01,955.4415
16,0,5000,2.057838e-01,1.331087e-01,3.694833e-02,3.572677e-02,6.937415e-01,2.120864e-03,1.892333e-01,1003.4068
16,1,0,5.994670e+01,4.052614e+01,4.466403e+00,1.495416e+01,3.830377e+00,3.436488e-03,1.044820e+00,1.4207
16,1,250,3.524826e+00,2.233038e+00,4.099425e-01,8.818457e-01,1.512393e+00,3.419653e-03,4.125386e-01,51.1325
16,1,500,1.515946e+00,8.783652e-01,2.656009e-01,3.719802e-01,1.315046e+00,2.947814e-03,3.587078e-01,99.0395
16,1,750,1.043622e+00,6.178069e-01,1.900636e-01,2.357515e-01,1.273756e+00,2.929458e-03,3.474451e-01,147.8544
16,1,1000,4.989318e+00,3.002401e+00,4.715306e-01,1.515386e+00,1.679116e+00,3.862248e-03,4.580160e-01,195.7974
16,1,1250,2.171398e+00,1.316563e+00,2.506478e-01,6.041871e-01,1.309668e+00,2.967567e-03,3.572409e-01,243.8605
16,1,1500,1.122062e+00,6.708649e-01,1.634151e-01,2.877824e-01,1.213383e+00,2.740374e-03,3.309770e-01,292.1523
16,1,1750,7.650936e-01,4.627866e-01,1.209491e-01,1.813579e-01,1.174461e+00,2.698473e-03,3.203603e-01,339.5985
16,1,2000,5.901483e-01,3.623554e-01,9.540843e-02,1.323845e-01,1.144009e+00,2.661525e-03,3.120538e-01,388.0912
16,1,2250,4.662917e-01,2.906576e-01,7.513967e-02,1.004944e-01,1.115820e+00,2.613786e-03,3.043646e-01,436.5750
16,1,2500,3.747691e-01,2.389621e-01,5.826834e-02,7.753860e-02,1.091444e+00,2.586902e-03,2.977155e-01,484.8775
16,1,2750,3.129513e-01,2.046983e-01,4.717720e-02,6.107585e-02,1.070964e+00,2.579883e-03,2.921289e-01,533.0509
16,1,3000,2.992481e-01,1.815005e-01,5.752128e-02,6.022632e-02,1.049445e+00,2.392200e-03,2.862592e-01,581.0231
16,1,3250,2.293814e-01,1.541672e-01,3.456023e-02,4.065398e-02,1.041718e+00,2.595271e-03,2.841517e-01,629.3158
16,1,3500,1.888434e-01,1.245881e-01,3.024192e-02,3.401339e-02,1.019406e+00,2.441390e-03,2.780654e-01,678.8140
16,1,3750,1.666748e-01,1.155473e-01,2.287151e-02,2.825601e-02,1.014271e+00,2.493486e-03,2.766649e-01,727.3241
16,1,4000,1.463401e-01,9.767106e-02,2.455761e-02,2.411143e-02,9.966322e-01,2.413813e-03,2.718534e-01,775.5003
16,1,4250,1.093735e-01,7.903057e-02,1.429828e-02,1.604461e-02,9.968455e-01,2.523324e-03,2.719116e-01,824.4997
16,1,4500,1.672581e-01,1.085091e-01,3.350832e-02,2.524059e-02,1.010011e+00,2.696758e-03,2.755027e-01,873.7761
16,1,4750,8.916138e-02,6.553821e-02,1.204585e-02,1.157733e-02,9.903335e-01,2.564595e-03,2.701353e-01,921.9387
16,1,5000,7.578845e-02,5.568632e-02,1.044584e-02,9.656288e-03,9.683265e-01,2.443145e-03,2.641324e-01,971.0836
16,2,0,6.051649e+01,4.126012e+01,4.260095e+00,1.499628e+01,3.778566e+00,3.454808e-03,1.030687e+00,0.3058
16,2,250,3.610926e+00,2.381278e+00,3.885837e-01,8.410648e-01,1.547361e+00,3.507719e-03,4.220768e-01,48.2216
16,2,500,1.361621e+00,8.232560e-01,2.256660e-01,3.126988e-01,1.291081e+00,2.953344e-03,3.521708e-01,104.7541
16,2,750,9.984567e-01,5.838199e-01,1.851417e-01,2.294951e-01,1.247503e+00,2.927146e-03,3.402840e-01,164.2376
16,2,1000,7.489899e-01,4.313079e-01,1.484659e-01,1.692161e-01,1.221075e+00,2.935400e-03,3.330752e-01,220.6870
16,2,1250,5.847125e-01,3.413763e-01,1.181966e-01,1.251397e-01,1.200048e+00,2.932239e-03,3.273396e-01,282.9634
16,2,1500,4.719495e-01,2.904900e-01,9.501935e-02,8.644012e-02,1.190287e+00,2.977703e-03,3.246771e-01,337.4431
16,2,1750,4.055239e-01,2.341940e-01,8.759035e-02,8.373953e-02,1.163616e+00,2.891456e-03,3.174018e-01,388.2301
16,2,2000,4.423635e+00,2.355794e+00,5.199531e-01,1.547888e+00,1.603667e+00,3.535762e-03,4.374354e-01,437.3586
16,2,2250,1.812549e+00,1.080216e+00,2.079479e-01,5.243847e-01,1.070095e+00,2.460880e-03,2.918921e-01,484.9160
16,2,2500,9.602011e-01,6.087592e-01,1.307871e-01,2.206549e-01,8.720298e-01,2.305632e-03,2.378654e-01,532.8764
16,2,2750,5.775191e-01,3.704888e-01,8.278200e-02,1.242483e-01,7.633715e-01,2.353310e-03,2.082264e-01,584.4632
16,2,3000,3.769416e-01,2.493547e-01,5.361583e-02,7.397103e-02,6.741101e-01,2.323922e-03,1.838784e-01,635.7233
16,2,3250,2.687239e-01,1.811891e-01,3.826950e-02,4.926527e-02,6.090446e-01,2.299858e-03,1.661304e-01,688.9639
16,2,3500,2.038826e-01,1.385417e-01,2.944447e-02,3.589638e-02,5.664050e-01,2.290738e-03,1.544995e-01,739.2053
16,2,3750,2.098587e-01,1.393417e-01,3.334321e-02,3.717375e-02,5.573062e-01,2.069692e-03,1.520176e-01,789.2792
16,2,4000,1.309556e-01,8.943205e-02,1.968433e-02,2.183922e-02,5.130929e-01,2.282500e-03,1.399574e-01,850.3949
16,2,4250,1.227005e-01,8.177383e-02,2.007876e-02,2.084792e-02,5.010287e-01,2.166737e-03,1.366666e-01,993.0668
16,2,4500,9.212830e-02,6.314658e-02,1.421581e-02,1.476591e-02,4.792842e-01,2.267718e-03,1.307353e-01,1180.3110
16,2,4750,9.359656e-02,5.758064e-02,1.523731e-02,2.077860e-02,4.708918e-01,2.237293e-03,1.284461e-01,1339.1859
16,2,5000,6.795902e-02,4.703319e-02,1.050940e-02,1.041644e-02,4.538770e-01,2.245824e-03,1.238050e-01,1436.4066
