d,seed,step,loss,loss_r,loss_ic,loss_bc,rel_l2,stderr,train_seconds
1,0,0,6.121584e-01,8.854827e-02,5.050747e-01,1.853544e-02,7.214274e-01,1.430153e-03,0.1020
1,0,250,5.048952e-03,7.117394e-04,3.120075e-03,1.217137e-03,3.335947e-02,1.344126e-04,6.1632
1,0,500,2.770048e-03,4.073055e-04,1.031993e-03,1.330750e-03,4.477026e-02,6.632910e-05,12.9978
1,0,750,1.319790e-03,3.042895e-04,3.962562e-04,6.192440e-04,1.712121e-02,7.176268e-05,19.2831
1,0,1000,1.083202e-03,2.708959e-04,3.000704e-04,5.122354e-04,1.424459e-02,6.802093e-05,25.6100
1,0,1250,8.989882e-04,2.489638e-04,2.203653e-04,4.296591e-04,1.342724e-02,6.316019e-05,31.8492
1,0,1500,1.051045e-03,2.877018e-04,3.202356e-04,4.431077e-04,1.661350e-02,6.490677e-05,38.2637
1,0,1750,5.580432e-04,1.903179e-04,1.075932e-04,2.601321e-04,9.498916e-03,5.194101e-05,44.4242
1,0,2000,3.881117e-04,1.483098e-04,6.810397e-05,1.716979e-04,8.698070e-03,3.692452e-05,50.6933
1,0,2250,1.846958e-04,9.081325e-05,2.471347e-05,6.916904e-05,4.806155e-03,2.539579e-05,57.6998
1,0,2500,1.082329e-04,6.253800e-05,1.260989e-05,3.308500e-05,9.042465e-03,1.602215e-05,63.8119
1,0,2750,1.752745e-04,6.389355e-05,2.892399e-05,8.245700e-05,1.340003e-02,2.440894e-05,69.9739
1,0,3000,3.914706e-05,2.978205e-05,3.361690e-06,6.003319e-06,1.457323e-03,7.478744e-06,76.5578
1,0,3250,3.066681e-05,2.401584e-05,2.422246e-06,4.228725e-06,1.204841e-03,6.224239e-06,82.7111
1,0,3500,2.506825e-05,1.972555e-05,1.932599e-06,3.410105e-06,1.140828e-03,5.544121e-06,89.0724
1,0,3750,2.094424e-05,1.640006e-05,1.676601e-06,2.867579e-06,1.005098e-03,4.920237e-06,95.2974
1,0,4000,2.123511e-04,1.875784e-05,9.874627e-05,9.484697e-05,1.889110e-02,2.265762e-05,101.5744
1,0,4250,2.064115e-05,1.209261e-05,4.314551e-06,4.233989e-06,4.384758e-03,5.320003e-06,107.6808
1,0,4500,1.403550e-05,1.141678e-05,1.104991e-06,1.513731e-06,7.010813e-04,3.880986e-06,113.8170
1,0,4750,1.370416e-04,1.197287e-04,7.441182e-06,9.871661e-06,8.505719e-03,1.103944e-05,120.7222
1,0,5000,1.090992e-05,9.080325e-06,8.107253e-07,1.018870e-06,6.089839e-04,3.295952e-06,126.8762
1,1,0,6.875981e-01,2.589028e-02,6.460043e-01,1.570348e-02,6.847630e-01,1.387825e-03,0.0300
1,1,250,8.777024e-03,1.129683e-03,3.973044e-03,3.674296e-03,7.767358e-02,1.378786e-04,7.4732
1,1,500,1.781462e-03,2.871807e-04,7.847559e-04,7.095255e-04,1.822833e-02,8.112418e-05,17.5911
1,1,750,1.365912e-03,2.879891e-04,4.639222e-04,6.140003e-04,1.577769e-02,7.584245e-05,27.1009
1,1,1000,1.124260e-03,2.659297e-04,3.337027e-04,5.246273e-04,1.499566e-02,6.975406e-05,37.5533
1,1,1250,4.340173e-03,6.253853e-04,1.262978e-03,2.451810e-03,5.746796e-02,9.243032e-05,49.7760
1,1,1500,8.030358e-04,2.391650e-04,1.963743e-04,3.674965e-04,1.191154e-02,6.064561e-05,60.6129
1,1,1750,6.428047e-04,2.213318e-04,1.477948e-04,2.736781e-04,1.245244e-02,4.697762e-05,73.1309
1,1,2000,5.075881e-04,2.067286e-04,1.012806e-04,1.995789e-04,8.770970e-03,4.415838e-05,81.5519
1,1,2250,4.179652e-04,1.897256e-04,7.524300e-05,1.529967e-04,7.451667e-03,3.998697e-05,91.2550
1,1,2500,3.340628e-04,1.648352e-04,5.402407e-05,1.152035e-04,6.751459e-03,3.269993e-05,104.0226
1,1,2750,2.280133e-04,1.283339e-04,3.210833e-05,6.757115e-05,4.807321e-03,2.680206e-05,112.6641
1,1,3000,1.632027e-04,9.986632e-05,2.050537e-05,4.283100e-05,3.999401e-03,1.975532e-05,120.5152
1,1,3250,9.307765e-05,6.330560e-05,1.047805e-05,1.929400e-05,2.507634e-03,1.578887e-05,127.8861
1,1,3500,6.174223e-05,4.356990e-05,7.007826e-06,1.116451e-05,2.045463e-03,1.127722e-05,135.4594
1,1,3750,1.183040e-04,3.515043e-05,2.667545e-05,5.647814e-05,9.318216e-03,1.652230e-05,143.3387
1,1,4000,1.399078e-04,4.920967e-05,3.079639e-05,5.990178e-05,9.601084e-03,5.784381e-06,150.1878
1,1,4250,2.689939e-05,1.978504e-05,2.732434e-06,4.381916e-06,1.363827e-03,6.680620e-06,157.0425
1,1,4500,2.058686e-05,1.476052e-05,2.086296e-06,3.740042e-06,1.356328e-03,5.977354e-06,165.1850
1,1,4750,1.844165e-05,1.314173e-05,1.857442e-06,3.442475e-06,1.050640e-03,6.272063e-06,172.7727
1,1,5000,4.745948e-05,2.759248e-05,1.013734e-05,9.729655e-06,4.760707e-03,8.358163e-06,180.0612
1,2,0,7.722424e-01,5.608844e-02,7.035623e-01,1.259167e-02,8.923252e-01,1.470374e-03,0.0351
1,2,250,6.408545e-03,8.829847e-04,4.315515e-03,1.210045e-03,3.898757e-02,1.520972e-04,7.5439
1,2,500,1.833442e-03,2.313641e-04,9.135585e-04,6.885196e-04,1.879261e-02,8.502968e-05,14.2139
1,2,750,1.295843e-03,2.446066e-04,4.686019e-04,5.826345e-04,1.632205e-02,7.217414e-05,22.1830
1,2,1000,1.067363e-03,2.303531e-04,3.433590e-04,4.936512e-04,1.470386e-02,6.784830e-05,30.2913
1,2,1250,8.829837e-04,2.340006e-04,2.411126e-04,4.078705e-04,1.397188e-02,6.224914e-05,38.4788
1,2,1500,2.786631e-03,4.641941e-04,7.701941e-04,1.552243e-03,7.593639e-02,1.402009e-04,46.1330
1,2,1750,6.033628e-04,2.301408e-04,1.256406e-04,2.475814e-04,1.008794e-02,5.128209e-05,53.2658
1,2,2000,4.957810e-04,2.122467e-04,8.741915e-05,1.961151e-04,8.544689e-03,4.642883e-05,60.9377
1,2,2250,3.841902e-04,1.768412e-04,6.227496e-05,1.450740e-04,7.250120e-03,4.006463e-05,68.1573
1,2,2500,2.798679e-04,1.406538e-04,3.865265e-05,1.005614e-04,5.924750e-03,3.292712e-05,76.1445
1,2,2750,2.009727e-04,1.078952e-04,2.604195e-05,6.703554e-05,5.045457e-03,2.596075e-05,84.7010
1,2,3000,1.385713e-04,7.988974e-05,1.563241e-05,4.304918e-05,4.002034e-03,1.919102e-05,91.6760
1,2,3250,8.272125e-05,5.682389e-05,7.733263e-06,1.816410e-05,2.361023e-03,1.495926e-05,98.7178
1,2,3500,1.250185e-04,6.456198e-05,1.759296e-05,4.286356e-05,1.988290e-02,2.839675e-05,106.4548
1,2,3750,5.287849e-05,3.420228e-05,6.171698e-06,1.250451e-05,3.600147e-03,9.399246e-06,115.9337
1,2,4000,8.989635e-04,3.302270e-05,3.490824e-04,5.168585e-04,3.443368e-02,4.331257e-05,124.3474
1,2,4250,5.001050e-05,2.365834e-05,1.116636e-05,1.518579e-05,7.599873e-03,1.010748e-05,132.0921
1,2,4500,1.860364e-04,4.438235e-05,6.114031e-05,8.051370e-05,2.058418e-02,1.024263e-05,139.6398
1,2,4750,1.770293e-04,9.160696e-05,4.316549e-05,4.225684e-05,4.617702e-03,7.443865e-06,148.2222
1,2,5000,1.599080e-05,1.272203e-05,1.309893e-06,1.958876e-06,8.527889e-04,5.362343e-06,156.6573
2,0,0,2.798944e-01,1.907828e-03,2.595476e-01,1.843896e-02,7.851186e-01,1.434328e-03,0.0943
2,0,250,5.986287e-03,1.866444e-03,2.241909e-03,1.877935e-03,5.769435e-02,2.086783e-04,11.7182
2,0,500,1.522259e-03,4.414912e-04,4.610161e-04,6.197515e-04,2.704425e-02,1.094734e-04,24.2500
2,0,750,1.136902e-03,3.065183e-04,3.685024e-04,4.618812e-04,4.222082e-02,8.245407e-05,36.5915
2,0,1000,7.247961e-04,2.089538e-04,2.145902e-04,3.012522e-04,1.612417e-02,6.328365e-05,47.6312
2,0,1250,3.973080e-04,1.306042e-04,1.071464e-04,1.595574e-04,1.328335e-02,5.367103e-05,63.1824
2,0,1500,3.127169e-04,1.059366e-04,8.238186e-05,1.243985e-04,1.164623e-02,5.011658e-05,78.4202
2,0,1750,2.356913e-04,8.284135e-05,6.175807e-05,9.109190e-05,9.954054e-03,4.684157e-05,93.6973
2,0,2000,2.072838e-04,7.866518e-05,5.240919e-05,7.620940e-05,9.077790e-03,4.375720e-05,111.0052
2,0,2250,6.533527e-04,8.601636e-05,2.242984e-04,3.430379e-04,3.062582e-02,6.198408e-05,125.6099
2,0,2500,1.478425e-04,5.839004e-05,3.443948e-05,5.501293e-05,7.511617e-03,4.004707e-05,137.0050
2,0,2750,1.353583e-04,5.526526e-05,3.402741e-05,4.606566e-05,1.398127e-02,2.589630e-05,147.3004
2,0,3000,1.097354e-04,4.551373e-05,2.419118e-05,4.003046e-05,6.365325e-03,3.792365e-05,159.7828
2,0,3250,1.216088e-04,4.907308e-05,3.138515e-05,4.115062e-05,6.888111e-03,3.498928e-05,171.1880
2,0,3500,9.945338e-05,3.822972e-05,2.373404e-05,3.748962e-05,6.068411e-03,3.559551e-05,184.9157
2,0,3750,9.063337e-05,3.840261e-05,2.270147e-05,2.952930e-05,5.731047e-03,2.827735e-05,196.8702
2,0,4000,8.584805e-05,3.292621e-05,2.115076e-05,3.177108e-05,5.759261e-03,2.806325e-05,208.9788
2,0,4250,6.368916e-05,2.894876e-05,1.288922e-05,2.185118e-05,4.560225e-03,2.912024e-05,220.5667
2,0,4500,5.947748e-05,2.753699e-05,1.203451e-05,1.990597e-05,4.475110e-03,2.733344e-05,232.1004
2,0,4750,5.151155e-05,2.427414e-05,9.843062e-06,1.739435e-05,4.008953e-03,2.599706e-05,244.5146
2,0,5000,4.955463e-05,2.373429e-05,9.699658e-06,1.612069e-05,3.893384e-03,2.489191e-05,257.5167
2,1,0,3.476863e-01,2.752767e-02,2.950719e-01,2.508677e-02,8.069459e-01,1.766845e-03,0.0452
2,1,250,6.569250e-03,2.317436e-03,2.726774e-03,1.525041e-03,5.984357e-02,2.358539e-04,12.3040
2,1,500,1.800762e-03,4.682064e-04,6.508928e-04,6.816624e-04,5.034530e-02,1.032330e-04,24.0736
2,1,750,2.537485e-02,1.724481e-03,1.189559e-02,1.175478e-02,3.102438e-01,2.137946e-04,35.9080
2,1,1000,5.349678e-04,2.066901e-04,1.446674e-04,1.836103e-04,1.492488e-02,6.525808e-05,47.0247
2,1,1250,3.839672e-04,1.541519e-04,1.046132e-04,1.252021e-04,1.241652e-02,5.356099e-05,58.5211
2,1,1500,3.110022e-04,1.260503e-04,8.403793e-05,1.009140e-04,1.198646e-02,4.614030e-05,70.5707
2,1,1750,2.323679e-04,9.798179e-05,6.301642e-05,7.136966e-05,9.375219e-03,4.644442e-05,82.1160
2,1,2000,2.009515e-04,8.667410e-05,5.390406e-05,6.037331e-05,8.724156e-03,4.450864e-05,94.4384
2,1,2250,1.774184e-04,7.849932e-05,4.738140e-05,5.153769e-05,8.024936e-03,4.389343e-05,106.1863
2,1,2500,3.997724e-04,7.640725e-05,1.522436e-04,1.711215e-04,1.918423e-02,2.579896e-05,117.3947
2,1,2750,2.859921e-03,2.812032e-04,1.053622e-03,1.525095e-03,3.174532e-02,5.226588e-05,129.6594
2,1,3000,1.558504e-04,6.259551e-05,3.908648e-05,5.416837e-05,1.003700e-02,2.635585e-05,142.9637
2,1,3250,1.078585e-04,5.132065e-05,2.756777e-05,2.897010e-05,6.894900e-03,3.398112e-05,155.0204
2,1,3500,9.604638e-05,4.862952e-05,2.225430e-05,2.516256e-05,5.514739e-03,3.461373e-05,165.7170
2,1,3750,8.416967e-05,4.382978e-05,1.851488e-05,2.182501e-05,5.056539e-03,3.225508e-05,176.5256
2,1,4000,7.753079e-05,4.184414e-05,1.653767e-05,1.914898e-05,4.737266e-03,3.043837e-05,189.8843
2,1,4250,6.969148e-05,3.857908e-05,1.403774e-05,1.707465e-05,4.420341e-03,2.816956e-05,203.3792
2,1,4500,1.107927e-03,3.891342e-05,5.932890e-04,4.757248e-04,7.027153e-02,7.832908e-05,215.9127
2,1,4750,5.788319e-05,3.363848e-05,1.087507e-05,1.336964e-05,3.882522e-03,2.487243e-05,227.1123
2,1,5000,5.689159e-05,3.221977e-05,1.109226e-05,1.357955e-05,3.889239e-03,2.406382e-05,238.6466
2,2,0,3.942156e-01,3.351107e-02,3.526640e-01,8.040590e-03,7.783639e-01,1.626801e-03,0.0516
2,2,250,1.418376e-02,4.729483e-03,6.225166e-03,3.229111e-03,9.884901e-02,2.975895e-04,12.2316
2,2,500,2.118640e-03,7.746847e-04,7.319117e-04,6.120434e-04,3.127950e-02,1.084839e-04,25.5077
2,2,750,1.362631e-03,4.656579e-04,4.577801e-04,4.391926e-04,3.123156e-02,6.671215e-05,38.6765
2,2,1000,2.701282e-03,3.700988e-04,1.091956e-03,1.239227e-03,1.212355e-01,8.935724e-05,51.9165
2,2,1250,4.404982e-04,1.772263e-04,1.181182e-04,1.451537e-04,1.275149e-02,4.956085e-05,63.3011
2,2,1500,3.082202e-04,1.237821e-04,8.190154e-05,1.025366e-04,1.066007e-02,4.596290e-05,77.1820
2,2,1750,2.387884e-04,9.737383e-05,6.212810e-05,7.928645e-05,9.312490e-03,4.406826e-05,91.0166
2,2,2000,2.020966e-04,8.438026e-05,5.207683e-05,6.563948e-05,8.440878e-03,4.280318e-05,111.7587
2,2,2250,1.682486e-04,7.005502e-05,4.253969e-05,5.565391e-05,7.921102e-03,4.068574e-05,124.0342
2,2,2500,1.502472e-04,6.415130e-05,3.738044e-05,4.871551e-05,7.114613e-03,4.080219e-05,138.1999
2,2,2750,1.352989e-04,5.772830e-05,3.317756e-05,4.439308e-05,8.355170e-03,3.197210e-05,151.2019
2,2,3000,1.248156e-04,5.388799e-05,2.989443e-05,4.103314e-05,6.421538e-03,3.585451e-05,161.8940
2,2,3250,3.142043e-04,5.099272e-05,1.250218e-04,1.381898e-04,3.730533e-02,2.788934e-05,172.7090
2,2,3500,9.822148e-05,4.340332e-05,2.167563e-05,3.314254e-05,5.570916e-03,3.632669e-05,184.1232
2,2,3750,8.627689e-05,3.798707e-05,1.868629e-05,2.960354e-05,5.207309e-03,3.510681e-05,194.8887
2,2,4000,7.974482e-05,3.637735e-05,1.655556e-05,2.681191e-05,4.912857e-03,3.352836e-05,206.1422
2,2,4250,4.055406e-04,7.530281e-05,1.366128e-04,1.936250e-04,1.846782e-02,3.048167e-05,217.6201
2,2,4500,8.554398e-05,3.647579e-05,1.838381e-05,3.068438e-05,4.704811e-03,2.628559e-05,229.1251
2,2,4750,6.108714e-05,2.889569e-05,1.152296e-05,2.066849e-05,4.276098e-03,3.093178e-05,240.6695
2,2,5000,2.741525e-04,4.041844e-05,1.216510e-04,1.120830e-04,2.837776e-02,3.916974e-05,254.4812
4,0,0,1.823413e-01,5.924400e-02,7.223568e-02,5.086165e-02,1.958086e+00,3.439119e-03,0.0967
4,0,250,3.754321e-02,7.936286e-04,3.018090e-02,6.568684e-03,6.447555e-01,2.986479e-03,19.8783
4,0,500,1.560698e-02,9.077348e-04,9.222222e-03,5.477022e-03,3.717353e-01,1.683723e-03,38.2806
4,0,750,9.153170e-03,1.045290e-03,4.730895e-03,3.376985e-03,2.821291e-01,1.171323e-03,57.6254
4,0,1000,4.833964e-03,9.367152e-04,2.188124e-03,1.709125e-03,1.954631e-01,8.117505e-04,77.3187
4,0,1250,3.798759e-03,8.991284e-04,1.544044e-03,1.355586e-03,1.944575e-01,6.662055e-04,101.3740
4,0,1500,2.183978e-03,6.048629e-04,8.755412e-04,7.035741e-04,1.333262e-01,5.531154e-04,126.6759
4,0,1750,1.699341e-03,4.897873e-04,6.701292e-04,5.394246e-04,1.179793e-01,4.753802e-04,151.4237
4,0,2000,1.910174e-03,5.307666e-04,7.645254e-04,6.148821e-04,1.294958e-01,4.102725e-04,173.6708
4,0,2250,1.221393e-03,3.751083e-04,4.768933e-04,3.693911e-04,9.547613e-02,3.600239e-04,193.4338
4,0,2500,9.888313e-04,2.852525e-04,3.732863e-04,3.302925e-04,8.663063e-02,3.208721e-04,211.2630
4,0,2750,7.443706e-04,2.450405e-04,2.682508e-04,2.310794e-04,7.662887e-02,2.727978e-04,229.8535
4,0,3000,6.498810e-04,2.185497e-04,2.298362e-04,2.014951e-04,7.106669e-02,2.517334e-04,250.2095
4,0,3250,5.663052e-04,1.929741e-04,2.018739e-04,1.714573e-04,6.646351e-02,2.375125e-04,270.3045
4,0,3500,4.896677e-04,1.711676e-04,1.675046e-04,1.509956e-04,6.087801e-02,2.171716e-04,288.3646
4,0,3750,4.256749e-04,1.486255e-04,1.455834e-04,1.314660e-04,5.716170e-02,2.061170e-04,307.8082
4,0,4000,3.598147e-04,1.300482e-04,1.212131e-04,1.085534e-04,5.248302e-02,1.917986e-04,326.4199
4,0,4250,3.156925e-04,1.161165e-04,1.048572e-04,9.471882e-05,4.907954e-02,1.815374e-04,344.4182
4,0,4500,2.849136e-04,1.064092e-04,9.394651e-05,8.455791e-05,4.696640e-02,1.757586e-04,363.2097
4,0,4750,2.695196e-04,9.841169e-05,8.890914e-05,8.219873e-05,4.684999e-02,1.628617e-04,382.8689
4,0,5000,2.311264e-04,9.033222e-05,7.373571e-05,6.705843e-05,4.182926e-02,1.577108e-04,400.6946
4,1,0,2.258217e-01,3.707026e-04,1.075816e-01,1.178694e-01,2.245503e+00,3.550117e-03,0.0817
4,1,250,4.490355e-02,1.119308e-03,3.663592e-02,7.148322e-03,6.669391e-01,3.023488e-03,18.8930
4,1,500,1.803612e-02,8.584506e-04,1.151716e-02,5.660504e-03,3.523191e-01,1.493513e-03,39.4913
4,1,750,1.001992e-02,1.539866e-03,5.621665e-03,2.858391e-03,2.599305e-01,1.006652e-03,58.0955
4,1,1000,6.328818e-03,1.426781e-03,3.031049e-03,1.870988e-03,2.072676e-01,7.415652e-04,76.7211
4,1,1250,3.832412e-03,1.083748e-03,1.567984e-03,1.180680e-03,1.541513e-01,5.020039e-04,95.3747
4,1,1500,2.185847e-03,8.131225e-04,7.317907e-04,6.409333e-04,1.107549e-01,3.652604e-04,113.3289
4,1,1750,1.526014e-03,6.418795e-04,4.589217e-04,4.252129e-04,8.984783e-02,3.113887e-04,131.3219
4,1,2000,1.189839e-03,5.230328e-04,3.444661e-04,3.223402e-04,7.939800e-02,2.867401e-04,150.9851
4,1,2250,8.971087e-04,4.032301e-04,2.553663e-04,2.385123e-04,7.073061e-02,2.668848e-04,169.6527
4,1,2500,7.497661e-04,3.376329e-04,2.124912e-04,1.996420e-04,6.606583e-02,2.588879e-04,187.7163
4,1,2750,6.300070e-04,2.825397e-04,1.803917e-04,1.670757e-04,6.210413e-02,2.469272e-04,207.6414
4,1,3000,5.407214e-04,2.381298e-04,1.580796e-04,1.445120e-04,5.870331e-02,2.381320e-04,226.5376
4,1,3250,1.579809e-03,3.072461e-04,6.094626e-04,6.631002e-04,8.176378e-02,2.089118e-04,243.4565
4,1,3500,3.835349e-04,1.663925e-04,1.138601e-04,1.032823e-04,5.158033e-02,2.129734e-04,262.1430
4,1,3750,3.419014e-04,1.476459e-04,1.020957e-04,9.215985e-05,4.943455e-02,2.087306e-04,284.5743
4,1,4000,3.022412e-04,1.310372e-04,9.020248e-05,8.100148e-05,4.703045e-02,1.992431e-04,302.2695
4,1,4250,2.726563e-04,1.186731e-04,8.119177e-05,7.279140e-05,4.511851e-02,1.953540e-04,320.5349
4,1,4500,2.468294e-04,1.086502e-04,7.288894e-05,6.529030e-05,4.317946e-02,1.876841e-04,338.6911
4,1,4750,2.257469e-04,1.002502e-04,6.627329e-05,5.922340e-05,4.156684e-02,1.845473e-04,357.2992
4,1,5000,2.042545e-04,9.198740e-05,5.906521e-05,5.320191e-05,3.973354e-02,1.776748e-04,373.9507
4,2,0,2.030340e-01,1.044962e-03,1.704578e-01,3.153129e-02,1.762472e+00,2.087131e-03,0.0616
4,2,250,5.064445e-02,1.316554e-03,3.986695e-02,9.460950e-03,6.527182e-01,2.957709e-03,17.7784
4,2,500,1.428820e-02,1.353259e-03,7.948452e-03,4.986490e-03,3.005078e-01,1.222521e-03,38.0290
4,2,750,7.591259e-03,1.413558e-03,3.619901e-03,2.557799e-03,2.131650e-01,7.794074e-04,55.9527
4,2,1000,4.256799e-03,1.021401e-03,1.789605e-03,1.445793e-03,1.532319e-01,5.052134e-04,76.5575
4,2,1250,2.778138e-03,8.247255e-04,1.065565e-03,8.878477e-04,1.214529e-01,3.916585e-04,95.0674
4,2,1500,1.868064e-03,6.487630e-04,6.435349e-04,5.757661e-04,9.823340e-02,3.203127e-04,113.4522
4,2,1750,1.259872e-03,4.774768e-04,3.904843e-04,3.919106e-04,8.332492e-02,2.589513e-04,132.0549
4,2,2000,9.736054e-04,3.847177e-04,2.945368e-04,2.943509e-04,7.258317e-02,2.441421e-04,150.8705
4,2,2250,8.070749e-04,3.218349e-04,2.481859e-04,2.370541e-04,6.625612e-02,2.248661e-04,171.2150
4,2,2500,6.052152e-04,2.411097e-04,1.858419e-04,1.782637e-04,5.868019e-02,1.990718e-04,189.2334
4,2,2750,4.986964e-04,2.011602e-04,1.529716e-04,1.445645e-04,5.382083e-02,1.851300e-04,208.1460
4,2,3000,4.332575e-04,1.769496e-04,1.323224e-04,1.239855e-04,5.050320e-02,1.746653e-04,227.1236
4,2,3250,3.849133e-04,1.606648e-04,1.165515e-04,1.076971e-04,4.780238e-02,1.665042e-04,247.0991
4,2,3500,4.642584e-04,1.714470e-04,1.534077e-04,1.394037e-04,1.155728e-01,1.501458e-04,266.8946
4,2,3750,2.913408e-04,1.204691e-04,8.645245e-05,8.441924e-05,4.507662e-02,1.510821e-04,284.8966
4,2,4000,2.608497e-04,1.139983e-04,7.545731e-05,7.139401e-05,4.033525e-02,1.448344e-04,305.2301
4,2,4250,2.481368e-04,1.089114e-04,7.215970e-05,6.706580e-05,3.862768e-02,1.394869e-04,324.0734
4,2,4500,2.157237e-04,9.675640e-05,6.012792e-05,5.883936e-05,3.694212e-02,1.354385e-04,343.3006
4,2,4750,2.546037e-04,9.751637e-05,7.859996e-05,7.848736e-05,4.613789e-02,1.245472e-04,364.1921
4,2,5000,6.128444e-04,1.675614e-04,2.894638e-04,1.558192e-04,1.326775e-01,1.572210e-04,384.3355
8,0,0,3.223253e-01,3.158382e-02,9.632053e-02,1.944210e-01,7.869438e+00,8.348275e-03,0.1881
8,0,250,2.721465e-03,3.202086e-05,2.523550e-03,1.658941e-04,9.368430e-01,9.541376e-03,33.6380
8,0,500,2.649235e-03,3.516595e-05,2.453853e-03,1.602159e-04,9.265867e-01,9.529507e-03,67.8873
8,0,750,2.557385e-03,3.487744e-05,2.362099e-03,1.604082e-04,9.116994e-01,9.503382e-03,101.5998
8,0,1000,2.407886e-03,3.178406e-05,2.207255e-03,1.688474e-04,8.856491e-01,9.445533e-03,137.5706
8,0,1250,2.202035e-03,2.769314e-05,1.970755e-03,2.035871e-04,8.447760e-01,9.317582e-03,171.4553
8,0,1500,2.074209e-03,2.793398e-05,1.815032e-03,2.312426e-04,8.202072e-01,9.187139e-03,203.5050
8,0,1750,1.876223e-03,2.396825e-05,1.599118e-03,2.531367e-04,7.828742e-01,9.032645e-03,234.3753
8,0,2000,1.756483e-03,2.359483e-05,1.456856e-03,2.760320e-04,7.578932e-01,8.786690e-03,263.6970
8,0,2250,1.644825e-03,2.314363e-05,1.302182e-03,3.194991e-04,7.401172e-01,8.496337e-03,297.2693
8,0,2500,1.564840e-03,2.403891e-05,1.224548e-03,3.162526e-04,7.366221e-01,8.342229e-03,327.0034
8,0,2750,1.447119e-03,2.611287e-05,1.099961e-03,3.210453e-04,7.256514e-01,8.055925e-03,356.2691
8,0,3000,1.333577e-03,2.799108e-05,1.001483e-03,3.041024e-04,7.216207e-01,7.831554e-03,383.6841
8,0,3250,2.312005e-03,4.392028e-05,1.295314e-03,9.727704e-04,7.781824e-01,7.395068e-03,412.1241
8,0,3500,1.033612e-03,4.016757e-05,7.218989e-04,2.715458e-04,7.131451e-01,7.051162e-03,440.9489
8,0,3750,9.018448e-04,5.044385e-05,6.102821e-04,2.411188e-04,7.132097e-01,6.730154e-03,469.5387
8,0,4000,7.624358e-04,5.794066e-05,4.969694e-04,2.075258e-04,7.147217e-01,6.381541e-03,498.1740
8,0,4250,6.618038e-04,6.397341e-05,4.266035e-04,1.712269e-04,7.170658e-01,6.174004e-03,526.2165
8,0,4500,6.600661e-04,7.445022e-05,4.114185e-04,1.741974e-04,7.524197e-01,5.847428e-03,556.1127
8,0,4750,4.510119e-04,7.312391e-05,2.633966e-04,1.144915e-04,7.267895e-01,5.678857e-03,594.2924
8,0,5000,3.850057e-04,7.617687e-05,2.150986e-04,9.373026e-05,7.308419e-01,5.543978e-03,627.1237
8,1,0,4.744204e-02,3.078447e-04,2.673345e-02,2.040075e-02,9.488576e+00,6.225036e-03,0.2911
8,1,250,4.264439e-03,3.960303e-05,4.046693e-03,1.781420e-04,9.306875e-01,9.536880e-03,32.9277
8,1,500,4.137198e-03,4.088559e-05,3.926514e-03,1.697976e-04,9.183162e-01,9.515197e-03,65.3839
8,1,750,3.875356e-03,4.162616e-05,3.646772e-03,1.869575e-04,8.877255e-01,9.398888e-03,97.0658
8,1,1000,3.421379e-03,3.226744e-05,3.129735e-03,2.593760e-04,8.296889e-01,9.067461e-03,129.2843
8,1,1250,3.098544e-03,2.907177e-05,2.714478e-03,3.549946e-04,7.861029e-01,8.669175e-03,160.4535
8,1,1500,2.887481e-03,3.393956e-05,2.471578e-03,3.819638e-04,7.632999e-01,8.383851e-03,192.6654
8,1,1750,4.639077e-03,3.627331e-05,3.348512e-03,1.254292e-03,1.163914e+00,3.930587e-03,233.2794
8,1,2000,2.519991e-03,3.081878e-05,2.101582e-03,3.875903e-04,7.301195e-01,7.775270e-03,282.3801
8,1,2250,2.428378e-03,2.911469e-05,2.025862e-03,3.734016e-04,7.261775e-01,7.590129e-03,317.0128
8,1,2500,2.113101e-03,3.273019e-05,1.733645e-03,3.467257e-04,7.001390e-01,7.068765e-03,345.8285
8,1,2750,1.907223e-03,3.846162e-05,1.553545e-03,3.152167e-04,6.974919e-01,6.666465e-03,375.2480
8,1,3000,1.637764e-03,4.811045e-05,1.295376e-03,2.942780e-04,6.984374e-01,5.981512e-03,403.7349
8,1,3250,1.424898e-03,5.991037e-05,1.100698e-03,2.642894e-04,7.104264e-01,5.503239e-03,432.7926
8,1,3500,1.208791e-03,7.667417e-05,9.009048e-04,2.312120e-04,7.247843e-01,5.076457e-03,460.6560
8,1,3750,9.976586e-04,9.601084e-05,7.161616e-04,1.854861e-04,7.409960e-01,4.746832e-03,489.5279
8,1,4000,7.921486e-04,1.095103e-04,5.239875e-04,1.586509e-04,7.571607e-01,4.338191e-03,516.7973
8,1,4250,6.202417e-04,1.216394e-04,3.716717e-04,1.269306e-04,7.725793e-01,4.073889e-03,545.4596
8,1,4500,5.094544e-04,1.253659e-04,2.763917e-04,1.076968e-04,7.809049e-01,3.895665e-03,573.0033
8,1,4750,4.174215e-04,1.266593e-04,2.073190e-04,8.344308e-05,7.893259e-01,3.783634e-03,602.7375
8,1,5000,7.466361e-04,1.328956e-04,3.604477e-04,2.532928e-04,8.166190e-01,3.725770e-03,629.9410
8,2,0,4.841748e-02,4.553849e-03,1.771551e-02,2.614812e-02,1.282703e+01,7.103920e-03,0.1207
8,2,250,4.422060e-03,5.457970e-05,4.155555e-03,2.119252e-04,9.314855e-01,9.521030e-03,28.9239
8,2,500,4.337507e-03,5.707856e-05,4.077119e-03,2.033097e-04,9.237616e-01,9.513838e-03,56.4740
8,2,750,4.202147e-03,5.826524e-05,3.947489e-03,1.963920e-04,9.100176e-01,9.489691e-03,85.6538
8,2,1000,3.931279e-03,5.391789e-05,3.664137e-03,2.132237e-04,8.793647e-01,9.386804e-03,113.0772
8,2,1250,3.580520e-03,4.148237e-05,3.238256e-03,3.007810e-04,8.343891e-01,9.080539e-03,142.5688
8,2,1500,3.311631e-03,3.687745e-05,2.935054e-03,3.396995e-04,7.991928e-01,8.872154e-03,174.4028
8,2,1750,3.096667e-03,3.785125e-05,2.701983e-03,3.568329e-04,7.742314e-01,8.687989e-03,208.2169
8,2,2000,2.842343e-03,2.987537e-05,2.370263e-03,4.422038e-04,7.361768e-01,8.284403e-03,242.8466
8,2,2250,2.708634e-03,3.128872e-05,2.231213e-03,4.461319e-04,7.278134e-01,8.088713e-03,278.0516
8,2,2500,2.548557e-03,3.259144e-05,2.036306e-03,4.796594e-04,7.145083e-01,7.769196e-03,316.1238
8,2,2750,2.422793e-03,3.533650e-05,1.917956e-03,4.694998e-04,7.124600e-01,7.518043e-03,353.8842
8,2,3000,2.249506e-03,3.678153e-05,1.739523e-03,4.732019e-04,7.088539e-01,7.136632e-03,387.2948
8,2,3250,2.077229e-03,3.879431e-05,1.590386e-03,4.480484e-04,7.086040e-01,6.794851e-03,420.0588
8,2,3500,1.896923e-03,4.582849e-05,1.437061e-03,4.140332e-04,7.113163e-01,6.452752e-03,452.2494
8,2,3750,1.717736e-03,5.353609e-05,1.283846e-03,3.803536e-04,7.145000e-01,6.113865e-03,486.0836
8,2,4000,1.494425e-03,6.828594e-05,1.080749e-03,3.453907e-04,7.233293e-01,5.737867e-03,521.9017
8,2,4250,1.335625e-03,8.540515e-05,9.194084e-04,3.308114e-04,7.331715e-01,5.556452e-03,555.0664
8,2,4500,1.216134e-03,1.092046e-04,7.895097e-04,3.174196e-04,7.506086e-01,4.978389e-03,585.6602
8,2,4750,1.164628e-03,1.245041e-04,6.810437e-04,3.590803e-04,7.911917e-01,4.758090e-03,617.8091
8,2,5000,7.245971e-04,1.368010e-04,4.297656e-04,1.580306e-04,7.658081e-01,4.662024e-03,649.8254
16,0,0,1.514662e-01,1.015624e-02,6.077662e-02,8.053336e-02,2.236316e+02,1.719083e-01,0.4592
16,0,250,1.121731e-04,2.363507e-05,4.784461e-05,4.069343e-05,2.003452e+00,2.156703e-02,67.4786
16,0,500,6.697240e-05,9.498843e-06,3.282204e-05,2.465151e-05,1.689444e+00,2.534032e-02,135.3638
16,0,750,4.724210e-05,5.549204e-06,2.541204e-05,1.628086e-05,1.501511e+00,2.838300e-02,201.0616
16,0,1000,3.653234e-05,3.922057e-06,2.112423e-05,1.148605e-05,1.381053e+00,3.076312e-02,258.6341
16,0,1250,3.001352e-05,3.008399e-06,1.848206e-05,8.523059e-06,1.299433e+00,3.261586e-02,316.5421
16,0,1500,2.575399e-05,2.405971e-06,1.676064e-05,6.587377e-06,1.241425e+00,3.407174e-02,390.9557
16,0,1750,2.279570e-05,1.972787e-06,1.556291e-05,5.260004e-06,1.198269e+00,3.524025e-02,460.2917
16,0,2000,2.062208e-05,1.644124e-06,1.466858e-05,4.309379e-06,1.164805e+00,3.620183e-02,523.9106
16,0,2250,1.894946e-05,1.386076e-06,1.395870e-05,3.604682e-06,1.138030e+00,3.700823e-02,596.0299
16,0,2500,1.761751e-05,1.179013e-06,1.337001e-05,3.068481e-06,1.116141e+00,3.769197e-02,666.7098
16,0,2750,1.653000e-05,1.010593e-06,1.286787e-05,2.651528e-06,1.097959e+00,3.827558e-02,740.1593
16,0,3000,1.562519e-05,8.724521e-07,1.243191e-05,2.320828e-06,1.082648e+00,3.877620e-02,815.4414
16,0,3250,1.486147e-05,7.585046e-07,1.204921e-05,2.053752e-06,1.069599e+00,3.920745e-02,878.1604
16,0,3500,1.420933e-05,6.641217e-07,1.171053e-05,1.834679e-06,1.058369e+00,3.957992e-02,942.6031
16,0,3750,1.415206e-05,6.142373e-07,1.170061e-05,1.837206e-06,1.056472e+00,3.967756e-02,1010.9174
16,0,4000,1.331504e-05,4.969804e-07,1.128168e-05,1.536373e-06,1.041157e+00,4.020667e-02,1062.7663
16,0,4250,1.285152e-05,4.438180e-07,1.107169e-05,1.336009e-06,1.033041e+00,4.037767e-02,1116.0699
16,0,4500,1.286899e-05,4.083231e-07,1.111303e-05,1.347638e-06,1.031009e+00,4.066923e-02,1167.2800
16,0,4750,1.228554e-05,3.362771e-07,1.079765e-05,1.151619e-06,1.021760e+00,4.097886e-02,1218.1257
16,0,5000,1.190682e-05,3.012380e-07,1.056163e-05,1.043953e-06,1.016526e+00,4.113870e-02,1269.1703
16,1,0,8.874832e-02,8.226727e-03,4.537163e-02,3.514997e-02,2.268766e+02,1.224527e-01,0.2778
16,1,250,7.649081e-05,2.276832e-05,3.105066e-05,2.267183e-05,1.632846e+00,2.630859e-02,52.0422
16,1,500,5.391810e-05,1.166124e-05,2.617810e-05,1.607877e-05,1.480853e+00,2.867414e-02,103.4664
16,1,750,4.254597e-05,7.857194e-06,2.300689e-05,1.168189e-05,1.377029e+00,3.062810e-02,155.1008
16,1,1000,3.535394e-05,5.836090e-06,2.076788e-05,8.749967e-06,1.301343e+00,3.226072e-02,205.7414
16,1,1250,3.042880e-05,4.505759e-06,1.916005e-05,6.762992e-06,1.245152e+00,3.360158e-02,256.3758
16,1,1500,2.689387e-05,3.555328e-06,1.796637e-05,5.372175e-06,1.202460e+00,3.470036e-02,308.0377
16,1,1750,2.426732e-05,2.851877e-06,1.704563e-05,4.369815e-06,1.169277e+00,3.560487e-02,357.8766
16,1,2000,2.225694e-05,2.319674e-06,1.630757e-05,3.629702e-06,1.142969e+00,3.635416e-02,410.6809
16,1,2250,2.067526e-05,1.910153e-06,1.569312e-05,3.071982e-06,1.121786e+00,3.697775e-02,462.5452
16,1,2500,1.939863e-05,1.590497e-06,1.516376e-05,2.644376e-06,1.104558e+00,3.749661e-02,512.9429
16,1,2750,1.834413e-05,1.337634e-06,1.469450e-05,2.311994e-06,1.090498e+00,3.792493e-02,566.2289
16,1,3000,1.745518e-05,1.134906e-06,1.426937e-05,2.050908e-06,1.079061e+00,3.827251e-02,617.5405
16,1,3250,1.669260e-05,9.701198e-07,1.387810e-05,1.844382e-06,1.069854e+00,3.854639e-02,669.2989
16,1,3500,1.602864e-05,8.344502e-07,1.351392e-05,1.680273e-06,1.062571e+00,3.875256e-02,732.8522
16,1,3750,9.803434e-05,1.200092e-06,5.546819e-05,4.136606e-05,4.248467e+00,8.292190e-03,793.1038
16,1,4000,1.532562e-05,6.491691e-07,1.329730e-05,1.379153e-06,1.048553e+00,3.936061e-02,842.8588
16,1,4250,1.469935e-05,5.494138e-07,1.287619e-05,1.273742e-06,1.045198e+00,3.937682e-02,894.5559
16,1,4500,2.828501e-05,1.361798e-06,1.894953e-05,7.973680e-06,1.060607e+00,3.928799e-02,947.0265
16,1,4750,1.445742e-05,4.090958e-07,1.301851e-05,1.029809e-06,1.033445e+00,4.004869e-02,997.7058
16,1,5000,1.386871e-05,3.514997e-07,1.251383e-05,1.003380e-06,1.033844e+00,3.987356e-02,1050.2544
16,2,0,6.407323e-02,3.284167e-04,3.276685e-02,3.097797e-02,2.363022e+02,1.268162e-01,0.2291
16,2,250,1.252677e-04,2.558508e-05,7.663637e-05,2.304625e-05,1.682691e+00,2.566230e-02,51.5197
16,2,500,1.000678e-04,1.419510e-05,7.003396e-05,1.583878e-05,1.517697e+00,2.825037e-02,103.9385
16,2,750,8.597693e-05,8.798642e-06,6.568446e-05,1.149382e-05,1.405093e+00,3.034520e-02,165.5397
16,2,1000,7.729438e-05,5.947388e-06,6.262369e-05,8.723305e-06,1.324753e+00,3.204814e-02,218.3542
16,2,1250,7.161878e-05,4.278998e-06,6.041348e-05,6.926295e-06,1.266436e+00,3.341131e-02,269.6218
16,2,1500,6.767747e-05,3.212065e-06,5.875659e-05,5.708819e-06,1.222880e+00,3.450855e-02,321.5016
16,2,1750,6.478983e-05,2.481954e-06,5.746972e-05,4.838149e-06,1.189413e+00,3.540136e-02,373.2185
16,2,2000,6.258486e-05,1.960424e-06,5.643896e-05,4.185471e-06,1.163107e+00,3.613324e-02,441.2721
16,2,2250,6.084520e-05,1.578444e-06,5.558771e-05,3.679043e-06,1.142072e+00,3.673472e-02,492.9477
16,2,2500,5.943208e-05,1.293988e-06,5.486104e-05,3.277055e-06,1.125040e+00,3.722798e-02,543.4083
16,2,2750,5.825188e-05,1.079185e-06,5.421891e-05,2.953782e-06,1.111143e+00,3.762950e-02,594.2167
16,2,3000,5.723979e-05,9.147174e-07,5.363236e-05,2.692709e-06,1.099785e+00,3.795111e-02,645.0920
16,2,3250,5.635065e-05,7.870434e-07,5.308112e-05,2.482490e-06,1.090561e+00,3.820111e-02,700.3026
16,2,3500,5.555147e-05,6.867934e-07,5.254983e-05,2.314853e-06,1.083203e+00,3.838490e-02,772.8239
16,2,3750,5.481864e-05,6.075036e-07,5.202785e-05,2.183291e-06,1.077541e+00,3.850563e-02,852.7793
16,2,4000,5.413405e-05,5.438987e-07,5.150322e-05,2.086927e-06,1.073475e+00,3.857232e-02,915.2591
16,2,4250,5.378099e-05,5.065765e-07,5.135268e-05,1.921733e-06,1.070318e+00,3.875274e-02,974.8298
16,2,4500,5.306710e-05,4.500691e-07,5.072721e-05,1.889825e-06,1.069060e+00,3.867597e-02,1032.0703
16,2,4750,5.323311e-05,4.760736e-07,5.099323e-05,1.763801e-06,1.068951e+00,3.888822e-02,1088.3482
16,2,5000,5.224811e-05,3.956300e-07,5.006945e-05,1.783032e-06,1.070947e+00,3.861752e-02,1144.3734
