arm,d,seed,n_interior,step,loss,loss_r,loss_ic,loss_bc,rel_l2,stderr,train_seconds
uniform,8,0,4000,0,3.223253e-01,3.158382e-02,9.632053e-02,1.944210e-01,7.869438e+00,8.348275e-03,0.3428
uniform,8,0,4000,200,2.737203e-03,3.157575e-05,2.537903e-03,1.677243e-04,9.386700e-01,9.542078e-03,27.9548
uniform,8,0,4000,400,2.678250e-03,3.405672e-05,2.482829e-03,1.613645e-04,9.310200e-01,9.536003e-03,56.6799
uniform,8,0,4000,600,2.616980e-03,3.553395e-05,2.421596e-03,1.598499e-04,9.214643e-01,9.521038e-03,89.0363
uniform,8,0,4000,800,2.533308e-03,3.441672e-05,2.337842e-03,1.610494e-04,9.076520e-01,9.495450e-03,117.3501
uniform,8,0,4000,1000,2.407886e-03,3.178406e-05,2.207255e-03,1.688474e-04,8.856491e-01,9.445533e-03,147.8051
uniform,8,0,4000,1200,2.242766e-03,2.861864e-05,2.019848e-03,1.942991e-04,8.534674e-01,9.349595e-03,180.5732
uniform,8,0,4000,1400,2.150712e-03,2.969174e-05,1.908411e-03,2.126089e-04,8.368499e-01,9.266476e-03,210.7223
uniform,8,0,4000,1600,1.998399e-03,2.615386e-05,1.732486e-03,2.397592e-04,8.043980e-01,9.118105e-03,237.8143
uniform,8,0,4000,1800,1.946945e-03,2.926332e-05,1.654237e-03,2.634447e-04,8.192129e-01,9.100750e-03,264.0184
uniform,8,0,4000,2000,1.756483e-03,2.359483e-05,1.456856e-03,2.760320e-04,7.578932e-01,8.786690e-03,292.9332
uniform,8,1,4000,0,4.744204e-02,3.078447e-04,2.673345e-02,2.040075e-02,9.488576e+00,6.225036e-03,0.2080
uniform,8,1,4000,200,4.282981e-03,3.987685e-05,4.064647e-03,1.784571e-04,9.323935e-01,9.539652e-03,31.0624
uniform,8,1,4000,400,4.197950e-03,3.993384e-05,3.985444e-03,1.725722e-04,9.244897e-01,9.528080e-03,59.6277
uniform,8,1,4000,600,4.055060e-03,4.192258e-05,3.841958e-03,1.711790e-04,9.092623e-01,9.488367e-03,90.9495
uniform,8,1,4000,800,3.797458e-03,4.006403e-05,3.560762e-03,1.966319e-04,8.781313e-01,9.350904e-03,118.6755
uniform,8,1,4000,1000,3.421379e-03,3.226744e-05,3.129735e-03,2.593760e-04,8.296889e-01,9.067461e-03,146.1745
uniform,8,1,4000,1200,3.157337e-03,2.890037e-05,2.792357e-03,3.360804e-04,7.947823e-01,8.758059e-03,173.4733
uniform,8,1,4000,1400,3.015202e-03,3.396845e-05,2.645683e-03,3.355503e-04,7.817478e-01,8.582795e-03,200.1015
uniform,8,1,4000,1600,2.788668e-03,3.362674e-05,2.362685e-03,3.923558e-04,7.512092e-01,8.236233e-03,226.8024
uniform,8,1,4000,1800,2.766670e-03,2.976753e-05,2.337044e-03,3.998582e-04,7.562580e-01,8.028278e-03,253.4408
uniform,8,1,4000,2000,2.519991e-03,3.081878e-05,2.101582e-03,3.875903e-04,7.301195e-01,7.775270e-03,280.4268
tilted,8,0,4000,0,2.779876e-01,3.172049e-02,5.184608e-02,1.944210e-01,7.680760e+00,8.421204e-03,0.1854
tilted,8,0,4000,200,5.707286e-02,2.676526e-03,4.086046e-02,1.353587e-02,2.032355e+00,3.487883e-03,26.8734
tilted,8,0,4000,400,2.690502e-02,6.033485e-04,1.801532e-02,8.286356e-03,2.073921e+00,4.873917e-03,54.6344
tilted,8,0,4000,600,1.731101e-02,6.573583e-04,1.141206e-02,5.241590e-03,1.725130e+00,5.091126e-03,81.6533
tilted,8,0,4000,800,1.304359e-02,6.454743e-04,8.600882e-03,3.797238e-03,1.608316e+00,5.002149e-03,108.1666
tilted,8,0,4000,1000,9.965080e-03,5.985876e-04,6.569973e-03,2.796519e-03,1.530949e+00,4.664990e-03,135.9070
tilted,8,0,4000,1200,7.937793e-03,6.240019e-04,5.281135e-03,2.032656e-03,1.473149e+00,4.468851e-03,163.6023
tilted,8,0,4000,1400,6.229748e-03,5.889380e-04,4.177670e-03,1.463140e-03,1.445275e+00,4.272892e-03,190.6373
tilted,8,0,4000,1600,5.008999e-03,5.896616e-04,3.316101e-03,1.103236e-03,1.444680e+00,4.233300e-03,217.7349
tilted,8,0,4000,1800,3.929005e-03,5.523345e-04,2.543601e-03,8.330691e-04,1.453963e+00,4.226528e-03,244.9865
tilted,8,0,4000,2000,3.232188e-03,5.676328e-04,2.067705e-03,5.968501e-04,1.444585e+00,4.190740e-03,271.2015
tilted,8,1,4000,0,2.132357e-01,2.728102e-04,1.925622e-01,2.040075e-02,9.539906e+00,6.816931e-03,0.1738
tilted,8,1,4000,200,4.485005e-02,1.180063e-03,3.174511e-02,1.192487e-02,2.171616e+00,4.421750e-03,27.7581
tilted,8,1,4000,400,2.027476e-02,3.415433e-04,1.412696e-02,5.806259e-03,1.896338e+00,5.373324e-03,54.8112
tilted,8,1,4000,600,1.166366e-02,6.237565e-04,7.874347e-03,3.165560e-03,1.717902e+00,5.350215e-03,81.8721
tilted,8,1,4000,800,8.084217e-03,7.588916e-04,5.427382e-03,1.897943e-03,1.679515e+00,5.437489e-03,108.8029
tilted,8,1,4000,1000,6.369213e-03,7.100708e-04,4.315231e-03,1.343911e-03,1.619288e+00,5.357913e-03,135.5447
tilted,8,1,4000,1200,5.330174e-03,6.876792e-04,3.670242e-03,9.722528e-04,1.563846e+00,5.276081e-03,162.9360
tilted,8,1,4000,1400,4.402563e-03,5.800505e-04,3.113190e-03,7.093226e-04,1.503843e+00,5.146645e-03,191.0067
tilted,8,1,4000,1600,3.945950e-03,5.769031e-04,2.803692e-03,5.653551e-04,1.461396e+00,5.087793e-03,218.2588
tilted,8,1,4000,1800,3.387317e-03,5.070419e-04,2.439099e-03,4.411765e-04,1.427115e+00,4.939038e-03,244.5711
tilted,8,1,4000,2000,3.060736e-03,5.134411e-04,2.181116e-03,3.661789e-04,1.400853e+00,4.753391e-03,272.1411
uniform,16,0,4000,0,1.514662e-01,1.015624e-02,6.077662e-02,8.053336e-02,2.236316e+02,1.719083e-01,0.3912
uniform,16,0,4000,200,1.282583e-04,2.965094e-05,5.297275e-05,4.563459e-05,2.092868e+00,2.071661e-02,49.2212
uniform,16,0,4000,400,8.014440e-05,1.298563e-05,3.738877e-05,2.977000e-05,1.794562e+00,2.392084e-02,98.5409
uniform,16,0,4000,600,5.741824e-05,7.400383e-06,2.932662e-05,2.069124e-05,1.603443e+00,2.664377e-02,148.5832
uniform,16,0,4000,800,4.460679e-05,5.124542e-06,2.436932e-05,1.511293e-05,1.473218e+00,2.890799e-02,197.9584
uniform,16,0,4000,1000,3.653234e-05,3.922057e-06,2.112423e-05,1.148605e-05,1.381053e+00,3.076312e-02,246.5819
uniform,16,0,4000,1200,3.109423e-05,3.159219e-06,1.891977e-05,9.015248e-06,1.313502e+00,3.228098e-02,296.8372
uniform,16,0,4000,1400,2.726107e-05,2.621286e-06,1.736911e-05,7.270677e-06,1.262456e+00,3.352943e-02,346.6431
uniform,16,0,4000,1600,2.445041e-05,2.217001e-06,1.623399e-05,5.999418e-06,1.222732e+00,3.456843e-02,397.3067
uniform,16,0,4000,1800,2.230981e-05,1.900072e-06,1.536476e-05,5.044974e-06,1.190921e+00,3.544711e-02,446.3778
uniform,16,0,4000,2000,2.062208e-05,1.644124e-06,1.466858e-05,4.309379e-06,1.164805e+00,3.620183e-02,494.6620
uniform,16,1,4000,0,8.874832e-02,8.226727e-03,4.537163e-02,3.514997e-02,2.268766e+02,1.224527e-01,0.4342
uniform,16,1,4000,200,8.437379e-05,2.734488e-05,3.253042e-05,2.449849e-05,1.676068e+00,2.571583e-02,49.5328
uniform,16,1,4000,400,6.072428e-05,1.453239e-05,2.781396e-05,1.837793e-05,1.533298e+00,2.779819e-02,98.2120
uniform,16,1,4000,600,4.864858e-05,9.767205e-06,2.477434e-05,1.410703e-05,1.435246e+00,2.949462e-02,147.9123
uniform,16,1,4000,800,4.085993e-05,7.367717e-06,2.249533e-05,1.099689e-05,1.359961e+00,3.097993e-02,196.0950
uniform,16,1,4000,1000,3.535394e-05,5.836090e-06,2.076788e-05,8.749967e-06,1.301343e+00,3.226072e-02,248.9953
uniform,16,1,4000,1200,3.128214e-05,4.735460e-06,1.944273e-05,7.103954e-06,1.255151e+00,3.335444e-02,302.9723
uniform,16,1,4000,1400,2.817745e-05,3.900265e-06,1.840458e-05,5.872607e-06,1.218209e+00,3.428668e-02,353.0225
uniform,16,1,4000,1600,2.575365e-05,3.249362e-06,1.757126e-05,4.933030e-06,1.188217e+00,3.508308e-02,403.0846
uniform,16,1,4000,1800,2.382309e-05,2.733583e-06,1.688563e-05,4.203877e-06,1.163532e+00,3.576606e-02,456.7795
uniform,16,1,4000,2000,2.225694e-05,2.319674e-06,1.630757e-05,3.629702e-06,1.142969e+00,3.635416e-02,529.2815
tilted,16,0,4000,0,1.555192e-01,1.006172e-02,6.492417e-02,8.053336e-02,2.309375e+02,1.828406e-01,0.3444
tilted,16,0,4000,200,7.779364e-03,2.218873e-04,6.509724e-03,1.047753e-03,9.733771e+00,1.379113e-02,62.0451
tilted,16,0,4000,400,7.080393e-03,1.964232e-04,5.998271e-03,8.856985e-04,9.378780e+00,1.479734e-02,111.6181
tilted,16,0,4000,600,6.359932e-03,1.295747e-04,5.418587e-03,8.117707e-04,9.374571e+00,1.635027e-02,161.3785
tilted,16,0,4000,800,5.678204e-03,8.358304e-05,4.856367e-03,7.382546e-04,9.518094e+00,1.841988e-02,247.4773
tilted,16,0,4000,1000,5.135837e-03,5.652435e-05,4.411028e-03,6.682848e-04,9.805320e+00,2.041874e-02,299.7733
tilted,16,0,4000,1200,4.592006e-03,4.479211e-05,3.977124e-03,5.700901e-04,1.025069e+01,2.278892e-02,353.4215
tilted,16,0,4000,1400,6.068409e-03,4.168032e-05,4.633747e-03,1.392983e-03,1.776255e+01,3.172743e-02,407.2673
tilted,16,0,4000,1600,3.680452e-03,4.337408e-05,3.217481e-03,4.195971e-04,1.172224e+01,2.846625e-02,457.5969
tilted,16,0,4000,1800,3.326869e-03,4.560091e-05,2.914717e-03,3.665506e-04,1.248246e+01,3.116520e-02,506.9820
tilted,16,0,4000,2000,2.934599e-03,5.017075e-05,2.572750e-03,3.116781e-04,1.348814e+01,3.407854e-02,556.7983
tilted,16,1,4000,0,6.775679e-02,8.514446e-03,2.409238e-02,3.514997e-02,2.225229e+02,1.208397e-01,0.3373
tilted,16,1,4000,200,9.432636e-03,2.239263e-04,7.819481e-03,1.389228e-03,1.140369e+01,1.635547e-02,49.1973
tilted,16,1,4000,400,8.307537e-03,1.824045e-04,7.082703e-03,1.042430e-03,1.069818e+01,1.716713e-02,97.7363
tilted,16,1,4000,600,7.037015e-03,1.076438e-04,6.058065e-03,8.713063e-04,1.084642e+01,1.991387e-02,155.2296
tilted,16,1,4000,800,6.178432e-03,7.797955e-05,5.373772e-03,7.266802e-04,1.090296e+01,2.187112e-02,210.1041
tilted,16,1,4000,1000,5.417069e-03,7.205118e-05,4.753672e-03,5.913462e-04,1.110711e+01,2.444677e-02,260.9348
tilted,16,1,4000,1200,4.903088e-03,6.568938e-05,4.309996e-03,5.274029e-04,1.156665e+01,2.699825e-02,314.7513
tilted,16,1,4000,1400,4.540174e-03,6.349890e-05,4.048941e-03,4.277337e-04,1.411137e+01,3.210634e-02,378.5717
tilted,16,1,4000,1600,4.047561e-03,6.732211e-05,3.541797e-03,4.384409e-04,1.274869e+01,3.157206e-02,430.9180
tilted,16,1,4000,1800,3.624238e-03,6.967592e-05,3.159676e-03,3.948857e-04,1.363060e+01,3.390432e-02,479.8897
tilted,16,1,4000,2000,3.221231e-03,6.549322e-05,2.808283e-03,3.474554e-04,1.453928e+01,3.611493e-02,527.8555
rad,8,0,4000,0,3.223253e-01,3.158382e-02,9.632053e-02,1.944210e-01,7.869438e+00,8.348275e-03,0.1985
rad,8,0,4000,200,2.737203e-03,3.157575e-05,2.537903e-03,1.677243e-04,9.386700e-01,9.542078e-03,27.8106
rad,8,0,4000,400,2.678250e-03,3.405672e-05,2.482829e-03,1.613645e-04,9.310200e-01,9.536003e-03,54.4936
rad,8,0,4000,600,2.621203e-03,3.417478e-05,2.424632e-03,1.623965e-04,9.210237e-01,9.521673e-03,82.3765
rad,8,0,4000,800,2.537547e-03,3.274600e-05,2.341189e-03,1.636124e-04,9.071817e-01,9.495963e-03,109.9948
rad,8,0,4000,1000,2.411029e-03,2.887753e-05,2.210724e-03,1.714273e-04,8.852568e-01,9.445399e-03,137.1697
rad,8,0,4000,1200,2.245304e-03,2.648293e-05,2.022178e-03,1.966437e-04,8.528890e-01,9.348763e-03,163.1503
rad,8,0,4000,1400,2.133510e-03,2.615563e-05,1.885731e-03,2.216227e-04,8.310758e-01,9.250473e-03,190.4784
rad,8,0,4000,1600,1.984492e-03,2.385302e-05,1.718139e-03,2.424998e-04,7.992349e-01,9.106987e-03,218.0327
rad,8,0,4000,1800,1.886674e-03,2.517888e-05,1.622972e-03,2.385232e-04,7.854251e-01,9.021781e-03,245.2571
rad,8,0,4000,2000,1.753308e-03,2.131443e-05,1.448723e-03,2.832709e-04,7.543035e-01,8.770444e-03,272.3399
rad,8,1,4000,0,4.744204e-02,3.078447e-04,2.673345e-02,2.040075e-02,9.488576e+00,6.225036e-03,0.1793
rad,8,1,4000,200,4.282981e-03,3.987685e-05,4.064647e-03,1.784571e-04,9.323935e-01,9.539652e-03,26.3278
rad,8,1,4000,400,4.197950e-03,3.993384e-05,3.985444e-03,1.725722e-04,9.244897e-01,9.528080e-03,52.3409
rad,8,1,4000,600,4.058079e-03,4.162175e-05,3.843754e-03,1.727034e-04,9.090494e-01,9.488447e-03,79.5659
rad,8,1,4000,800,3.800728e-03,3.881918e-05,3.563067e-03,1.988415e-04,8.777734e-01,9.350053e-03,106.7650
rad,8,1,4000,1000,3.425055e-03,3.240155e-05,3.130999e-03,2.616540e-04,8.293638e-01,9.064666e-03,134.1504
rad,8,1,4000,1200,3.156195e-03,2.776200e-05,2.788460e-03,3.399738e-04,7.936002e-01,8.750193e-03,160.3401
rad,8,1,4000,1400,2.997942e-03,3.190213e-05,2.606030e-03,3.600093e-04,7.773597e-01,8.543895e-03,187.8833
rad,8,1,4000,1600,2.784500e-03,3.071899e-05,2.358582e-03,3.951983e-04,7.491589e-01,8.230667e-03,215.0589
rad,8,1,4000,1800,2.717207e-03,2.970933e-05,2.290096e-03,3.974011e-04,7.503254e-01,8.059137e-03,242.2703
rad,8,1,4000,2000,2.506934e-03,2.932154e-05,2.090407e-03,3.872050e-04,7.275060e-01,7.763333e-03,269.2451
uniform,4,0,4000,0,1.823413e-01,5.924400e-02,7.223568e-02,5.086165e-02,1.958086e+00,3.439119e-03,0.1119
uniform,4,0,4000,200,4.478906e-02,9.295332e-04,3.738498e-02,6.474542e-03,7.252083e-01,3.285040e-03,15.7498
uniform,4,0,4000,400,1.946067e-02,7.722632e-04,1.222805e-02,6.460358e-03,4.296354e-01,2.026209e-03,31.4371
uniform,4,0,4000,600,1.269939e-02,1.019181e-03,7.232169e-03,4.448045e-03,3.319332e-01,1.452975e-03,46.9520
uniform,4,0,4000,800,7.597368e-03,1.037398e-03,3.893910e-03,2.666061e-03,2.530658e-01,1.058318e-03,62.6891
uniform,4,0,4000,1000,4.833964e-03,9.367152e-04,2.188124e-03,1.709125e-03,1.954631e-01,8.117505e-04,78.3409
uniform,4,0,4000,1200,3.302976e-03,8.038383e-04,1.379066e-03,1.120071e-03,1.627425e-01,7.000066e-04,93.9373
uniform,4,0,4000,1400,2.511374e-03,6.807565e-04,1.018507e-03,8.121106e-04,1.423862e-01,6.012715e-04,109.4431
uniform,4,0,4000,1600,2.272627e-03,6.520784e-04,9.141417e-04,7.064071e-04,1.370190e-01,5.598363e-04,124.9968
uniform,4,0,4000,1800,1.600252e-03,4.660753e-04,6.274166e-04,5.067603e-04,1.145821e-01,4.581679e-04,140.6318
uniform,4,0,4000,2000,1.910174e-03,5.307666e-04,7.645254e-04,6.148821e-04,1.294958e-01,4.102725e-04,156.2077
uniform,4,1,4000,0,2.258217e-01,3.707026e-04,1.075816e-01,1.178694e-01,2.245503e+00,3.550117e-03,0.0832
uniform,4,1,4000,200,5.226836e-02,1.287087e-03,4.446840e-02,6.512871e-03,7.495747e-01,3.372017e-03,15.5935
uniform,4,1,4000,400,2.392253e-02,6.119533e-04,1.751917e-02,5.791407e-03,4.728126e-01,1.445141e-03,31.1278
uniform,4,1,4000,600,1.388491e-02,1.179886e-03,8.445396e-03,4.259625e-03,3.050782e-01,1.233141e-03,46.6495
uniform,4,1,4000,800,9.062820e-03,1.556091e-03,4.922872e-03,2.583857e-03,2.482312e-01,9.482036e-04,62.1465
uniform,4,1,4000,1000,6.328818e-03,1.426781e-03,3.031049e-03,1.870988e-03,2.072676e-01,7.415652e-04,77.6653
uniform,4,1,4000,1200,8.920929e-03,1.901230e-03,3.226045e-03,3.793654e-03,4.105414e-01,7.064672e-04,93.1915
uniform,4,1,4000,1400,2.704224e-03,9.103975e-04,9.848516e-04,8.089744e-04,1.265423e-01,4.136327e-04,108.8443
uniform,4,1,4000,1600,1.940513e-03,7.651052e-04,6.257307e-04,5.496771e-04,1.003571e-01,3.390787e-04,124.4927
uniform,4,1,4000,1800,1.426643e-03,6.068144e-04,4.250112e-04,3.948175e-04,8.699982e-02,3.039444e-04,140.0421
uniform,4,1,4000,2000,1.189839e-03,5.230328e-04,3.444661e-04,3.223402e-04,7.939800e-02,2.867401e-04,155.6023
tilted,4,0,4000,0,4.325374e-01,6.044430e-02,3.212315e-01,5.086165e-02,1.397760e+00,2.195116e-03,0.0872
tilted,4,0,4000,200,4.759448e-02,2.393046e-03,2.356162e-02,2.163981e-02,6.055401e-01,2.010473e-03,15.7153
tilted,4,0,4000,400,1.547847e-02,2.042945e-03,6.051437e-03,7.384092e-03,3.156288e-01,9.324718e-04,31.2464
tilted,4,0,4000,600,7.192105e-03,1.485788e-03,2.506699e-03,3.199619e-03,2.433786e-01,7.990006e-04,47.3658
tilted,4,0,4000,800,4.109431e-03,8.764106e-04,1.254380e-03,1.978640e-03,2.050258e-01,7.255875e-04,63.6377
tilted,4,0,4000,1000,2.501486e-03,5.876978e-04,6.749699e-04,1.238819e-03,1.703762e-01,5.976520e-04,80.9681
tilted,4,0,4000,1200,1.791712e-03,4.830256e-04,4.604879e-04,8.481988e-04,1.479615e-01,5.195387e-04,97.9817
tilted,4,0,4000,1400,2.770164e-03,5.066728e-04,9.648108e-04,1.298680e-03,3.603740e-01,4.125552e-04,114.5065
tilted,4,0,4000,1600,1.020361e-03,3.259844e-04,2.551446e-04,4.392317e-04,1.186574e-01,4.119116e-04,130.1389
tilted,4,0,4000,1800,7.607520e-04,2.586328e-04,1.899705e-04,3.121487e-04,1.072061e-01,3.693890e-04,147.1597
tilted,4,0,4000,2000,6.580471e-04,2.344000e-04,1.615845e-04,2.620626e-04,1.018688e-01,3.495441e-04,166.7592
tilted,4,1,4000,0,3.015945e-01,3.648232e-04,1.833602e-01,1.178694e-01,2.040792e+00,3.549080e-03,0.1168
tilted,4,1,4000,200,4.523981e-02,3.806066e-03,2.150560e-02,1.992814e-02,5.272800e-01,1.641282e-03,18.7887
tilted,4,1,4000,400,1.521964e-02,1.995789e-03,6.625586e-03,6.598264e-03,3.431200e-01,1.297339e-03,35.4876
tilted,4,1,4000,600,9.757033e-03,1.611026e-03,4.150886e-03,3.995121e-03,2.923113e-01,1.107912e-03,52.1883
tilted,4,1,4000,800,5.639593e-03,1.019807e-03,2.164604e-03,2.455182e-03,2.202843e-01,7.403611e-04,68.5983
tilted,4,1,4000,1000,3.339256e-03,7.259015e-04,1.112937e-03,1.500417e-03,1.662788e-01,5.136488e-04,86.3059
tilted,4,1,4000,1200,1.839546e-03,4.511555e-04,4.964286e-04,8.919620e-04,1.353585e-01,4.247846e-04,102.3565
tilted,4,1,4000,1400,1.317228e-03,3.874954e-04,3.296887e-04,6.000441e-04,1.172255e-01,3.576661e-04,119.1686
tilted,4,1,4000,1600,9.542291e-04,3.046306e-04,2.354354e-04,4.141630e-04,1.032485e-01,3.099445e-04,138.9297
tilted,4,1,4000,1800,7.827552e-04,2.704626e-04,1.893126e-04,3.229800e-04,9.589005e-02,2.867195e-04,155.7502
tilted,4,1,4000,2000,6.067130e-04,2.181019e-04,1.481831e-04,2.404280e-04,8.834209e-02,2.659200e-04,171.8562
uniform,8,0,8000,0,3.191067e-01,3.166007e-02,1.047079e-01,1.827387e-01,7.893616e+00,8.407308e-03,0.6745
uniform,8,0,8000,200,4.262363e-03,3.958080e-05,4.038841e-03,1.839411e-04,9.326579e-01,9.533312e-03,77.7323
uniform,8,0,8000,400,4.139145e-03,4.168509e-05,3.917315e-03,1.801449e-04,9.208056e-01,9.508731e-03,153.3904
uniform,8,0,8000,600,3.969504e-03,4.251600e-05,3.733495e-03,1.934924e-04,9.029097e-01,9.453215e-03,229.0340
uniform,8,0,8000,800,3.733530e-03,4.152506e-05,3.452573e-03,2.394323e-04,8.745553e-01,9.336544e-03,305.7008
uniform,8,0,8000,1000,3.458748e-03,3.454776e-05,3.128865e-03,2.953357e-04,8.382571e-01,9.141835e-03,383.3151
uniform,8,0,8000,1200,3.283824e-03,3.507756e-05,2.920034e-03,3.287121e-04,8.133086e-01,9.010426e-03,460.5795
uniform,8,0,8000,1400,3.093385e-03,3.088403e-05,2.674828e-03,3.876730e-04,7.818211e-01,8.771048e-03,539.3985
uniform,8,0,8000,1600,2.988618e-03,3.515719e-05,2.574342e-03,3.791188e-04,7.705565e-01,8.680248e-03,620.7603
uniform,8,0,8000,1800,2.775809e-03,3.238251e-05,2.338488e-03,4.049389e-04,7.421919e-01,8.435590e-03,704.8547
uniform,8,0,8000,2000,2.677451e-03,3.526160e-05,2.249550e-03,3.926401e-04,7.398745e-01,8.304986e-03,781.8048
uniform,8,1,8000,0,4.665871e-02,3.085713e-04,2.560030e-02,2.074984e-02,9.533077e+00,6.286603e-03,0.8812
uniform,8,1,8000,200,4.050786e-03,4.399649e-05,3.827539e-03,1.792507e-04,9.332162e-01,9.538747e-03,76.7041
uniform,8,1,8000,400,3.961925e-03,4.734589e-05,3.741238e-03,1.733416e-04,9.250138e-01,9.525805e-03,152.2592
uniform,8,1,8000,600,3.811930e-03,5.428319e-05,3.583862e-03,1.737850e-04,9.085665e-01,9.477466e-03,225.7340
uniform,8,1,8000,800,3.574486e-03,5.509645e-05,3.307407e-03,2.119831e-04,8.780543e-01,9.330230e-03,299.8165
uniform,8,1,8000,1000,3.258083e-03,3.867318e-05,2.961463e-03,2.579463e-04,8.382601e-01,9.138461e-03,376.5100
uniform,8,1,8000,1200,3.007992e-03,3.502735e-05,2.655935e-03,3.170296e-04,7.967760e-01,8.890356e-03,451.3795
uniform,8,1,8000,1400,2.844544e-03,3.336039e-05,2.455993e-03,3.551901e-04,7.756231e-01,8.670251e-03,527.8547
uniform,8,1,8000,1600,2.598343e-03,3.433654e-05,2.166741e-03,3.972662e-04,7.390119e-01,8.349536e-03,603.6462
uniform,8,1,8000,1800,2.569143e-03,3.350642e-05,2.149648e-03,3.859889e-04,7.423348e-01,8.232342e-03,678.0560
uniform,8,1,8000,2000,2.373712e-03,3.163304e-05,1.922233e-03,4.198452e-04,7.179731e-01,7.873289e-03,751.4981
uniform,8,0,2000,0,3.170450e-01,3.119940e-02,1.043434e-01,1.815022e-01,7.871067e+00,8.349824e-03,0.1105
uniform,8,0,2000,200,4.140292e-03,3.970866e-05,3.919994e-03,1.805896e-04,9.309020e-01,9.534997e-03,13.5214
uniform,8,0,2000,400,4.023408e-03,4.253064e-05,3.798601e-03,1.822755e-04,9.195498e-01,9.503679e-03,26.8704
uniform,8,0,2000,600,3.885769e-03,4.203717e-05,3.652496e-03,1.912356e-04,9.043817e-01,9.456233e-03,40.3726
uniform,8,0,2000,800,3.674837e-03,4.020156e-05,3.429547e-03,2.050885e-04,8.784223e-01,9.374801e-03,53.7480
uniform,8,0,2000,1000,3.343642e-03,3.512964e-05,3.071162e-03,2.373500e-04,8.342989e-01,9.184377e-03,67.1234
uniform,8,0,2000,1200,3.134986e-03,3.663955e-05,2.805849e-03,2.924976e-04,8.058771e-01,8.944617e-03,80.1924
uniform,8,0,2000,1400,2.917547e-03,3.189873e-05,2.516746e-03,3.689022e-04,7.702387e-01,8.601548e-03,93.6173
uniform,8,0,2000,1600,2.822493e-03,3.361644e-05,2.437303e-03,3.515732e-04,7.665883e-01,8.551881e-03,106.6660
uniform,8,0,2000,1800,2.626178e-03,3.069588e-05,2.196993e-03,3.984892e-04,7.368542e-01,8.176763e-03,120.0063
uniform,8,0,2000,2000,3.102231e-03,4.225534e-05,2.358470e-03,7.015052e-04,7.878725e-01,8.124548e-03,133.1105
uniform,8,1,2000,0,4.280503e-02,2.976200e-04,2.366921e-02,1.883820e-02,9.554579e+00,6.369897e-03,0.1052
uniform,8,1,2000,200,3.223836e-03,3.679959e-05,3.054028e-03,1.330077e-04,9.408827e-01,9.577627e-03,13.2554
uniform,8,1,2000,400,3.162657e-03,3.685674e-05,2.998862e-03,1.269382e-04,9.342587e-01,9.570694e-03,26.3741
uniform,8,1,2000,600,3.068815e-03,3.878744e-05,2.904095e-03,1.259325e-04,9.224505e-01,9.547842e-03,39.6108
uniform,8,1,2000,800,2.911579e-03,4.136160e-05,2.720016e-03,1.502018e-04,8.994875e-01,9.469378e-03,52.7557
uniform,8,1,2000,1000,2.696535e-03,3.996196e-05,2.472230e-03,1.843424e-04,8.649068e-01,9.354035e-03,65.8325
uniform,8,1,2000,1200,2.489772e-03,2.845154e-05,2.246745e-03,2.145752e-04,8.295464e-01,9.196554e-03,79.0003
uniform,8,1,2000,1400,2.433926e-03,2.799657e-05,2.171791e-03,2.341377e-04,8.312310e-01,9.179684e-03,92.0884
uniform,8,1,2000,1600,2.237862e-03,2.337880e-05,1.938222e-03,2.762616e-04,7.806162e-01,8.823945e-03,105.3652
uniform,8,1,2000,1800,2.116375e-03,2.307851e-05,1.800737e-03,2.925595e-04,7.567389e-01,8.676246e-03,118.4438
uniform,8,1,2000,2000,2.067414e-03,2.472706e-05,1.755757e-03,2.869302e-04,7.504971e-01,8.593726e-03,131.5611
uniform,8,0,500,0,3.342273e-01,3.142130e-02,1.032891e-01,1.995169e-01,7.872084e+00,8.354002e-03,0.0322
uniform,8,0,500,200,4.676694e-03,4.359689e-05,4.422969e-03,2.101282e-04,9.293591e-01,9.526005e-03,4.9517
uniform,8,0,500,400,4.566774e-03,4.717408e-05,4.313248e-03,2.063519e-04,9.191875e-01,9.507810e-03,9.8406
uniform,8,0,500,600,4.428932e-03,4.716049e-05,4.169679e-03,2.120925e-04,9.043409e-01,9.464946e-03,14.7363
uniform,8,0,500,800,4.233532e-03,4.544390e-05,3.955253e-03,2.328347e-04,8.806711e-01,9.378317e-03,19.6054
uniform,8,0,500,1000,3.980924e-03,4.047207e-05,3.673330e-03,2.671221e-04,8.470171e-01,9.227706e-03,24.4765
uniform,8,0,500,1200,3.818169e-03,4.007083e-05,3.479849e-03,2.982488e-04,8.246834e-01,9.112226e-03,29.3651
uniform,8,0,500,1400,3.543420e-03,3.022065e-05,3.160735e-03,3.524645e-04,7.842332e-01,8.803165e-03,34.2766
uniform,8,0,500,1600,3.480013e-03,3.619475e-05,3.053103e-03,3.907153e-04,7.773569e-01,8.688478e-03,39.1441
uniform,8,0,500,1800,3.117820e-03,3.002466e-05,2.681295e-03,4.065002e-04,7.349457e-01,8.340817e-03,44.0285
uniform,8,0,500,2000,2.892245e-03,3.319899e-05,2.406016e-03,4.530302e-04,7.180046e-01,7.932234e-03,49.0043
uniform,8,1,500,0,4.806516e-02,3.265615e-04,2.722712e-02,2.051148e-02,9.413862e+00,6.093962e-03,0.0314
uniform,8,1,500,200,2.558513e-03,3.449993e-05,2.397946e-03,1.260674e-04,9.442989e-01,9.582932e-03,4.9306
uniform,8,1,500,400,2.502910e-03,3.212020e-05,2.347894e-03,1.228961e-04,9.377805e-01,9.578118e-03,9.8695
uniform,8,1,500,600,2.423119e-03,3.269076e-05,2.267025e-03,1.234033e-04,9.270936e-01,9.560613e-03,14.8285
uniform,8,1,500,800,2.295312e-03,3.344727e-05,2.124449e-03,1.374162e-04,9.076400e-01,9.506526e-03,19.7463
uniform,8,1,500,1000,2.108164e-03,2.996564e-05,1.919077e-03,1.591218e-04,8.762182e-01,9.406956e-03,24.6455
uniform,8,1,500,1200,1.929862e-03,2.146095e-05,1.718055e-03,1.903455e-04,8.425116e-01,9.266325e-03,29.5516
uniform,8,1,500,1400,1.853528e-03,2.020334e-05,1.638806e-03,1.945187e-04,8.269360e-01,9.174053e-03,34.4516
uniform,8,1,500,1600,1.701709e-03,1.682509e-05,1.465332e-03,2.195526e-04,7.894696e-01,9.023177e-03,39.4559
uniform,8,1,500,1800,1.684508e-03,1.997813e-05,1.448523e-03,2.160070e-04,7.891897e-01,8.977665e-03,44.3471
uniform,8,1,500,2000,1.572103e-03,1.549345e-05,1.315400e-03,2.412099e-04,7.597637e-01,8.808485e-03,49.2693
uniform,8,2,4000,0,4.841748e-02,4.553849e-03,1.771551e-02,2.614812e-02,1.282703e+01,7.103920e-03,0.2570
uniform,8,2,4000,200,4.436684e-03,5.367487e-05,4.171478e-03,2.115307e-04,9.329263e-01,9.522350e-03,25.6537
uniform,8,2,4000,400,4.374685e-03,5.618198e-05,4.111174e-03,2.073283e-04,9.272058e-01,9.517488e-03,51.0674
uniform,8,2,4000,600,4.292910e-03,5.782988e-05,4.035344e-03,1.997353e-04,9.194146e-01,9.507724e-03,76.3240
uniform,8,2,4000,800,4.162244e-03,5.805508e-05,3.907774e-03,1.964151e-04,9.057142e-01,9.479431e-03,101.5890
uniform,8,2,4000,1000,3.931279e-03,5.391789e-05,3.664137e-03,2.132237e-04,8.793647e-01,9.386804e-03,126.8673
uniform,8,2,4000,1200,3.643839e-03,4.415449e-05,3.317859e-03,2.818255e-04,8.429871e-01,9.146798e-03,152.3631
uniform,8,2,4000,1400,3.450517e-03,4.031799e-05,3.098036e-03,3.121633e-04,8.230962e-01,9.069990e-03,177.9385
uniform,8,2,4000,1600,3.166371e-03,3.415217e-05,2.776170e-03,3.560481e-04,7.789695e-01,8.763438e-03,203.3383
uniform,8,2,4000,1800,3.025307e-03,3.605695e-05,2.613036e-03,3.762140e-04,7.635139e-01,8.591674e-03,228.6820
uniform,8,2,4000,2000,2.842343e-03,2.987537e-05,2.370263e-03,4.422038e-04,7.361768e-01,8.284403e-03,253.9449
uniform,8,3,4000,0,6.836035e-02,1.692206e-02,2.131550e-02,3.012280e-02,8.335570e+00,6.676212e-03,0.1962
uniform,8,3,4000,200,2.823987e-03,2.361874e-05,2.708675e-03,9.169299e-05,9.437278e-01,9.597059e-03,25.6077
uniform,8,3,4000,400,2.776226e-03,2.360291e-05,2.664023e-03,8.859983e-05,9.371401e-01,9.591720e-03,50.9794
uniform,8,3,4000,600,2.708583e-03,2.407185e-05,2.591108e-03,9.340337e-05,9.257154e-01,9.571448e-03,77.8568
uniform,8,3,4000,800,2.614154e-03,2.297297e-05,2.483401e-03,1.077801e-04,9.076148e-01,9.526060e-03,104.7680
uniform,8,3,4000,1000,2.484303e-03,1.975601e-05,2.339102e-03,1.254454e-04,8.806621e-01,9.455427e-03,136.4766
uniform,8,3,4000,1200,2.452112e-03,2.222472e-05,2.304157e-03,1.257301e-04,8.757225e-01,9.431077e-03,163.6940
uniform,8,3,4000,1400,2.297194e-03,1.751815e-05,2.123582e-03,1.560942e-04,8.375076e-01,9.308974e-03,190.0806
uniform,8,3,4000,1600,2.303001e-03,2.108780e-05,2.140801e-03,1.411123e-04,8.438310e-01,9.300177e-03,215.7858
uniform,8,3,4000,1800,2.128083e-03,1.642925e-05,1.914765e-03,1.968884e-04,7.938970e-01,9.072169e-03,242.4109
uniform,8,3,4000,2000,2.031343e-03,1.400242e-05,1.797464e-03,2.198761e-04,7.673980e-01,8.942609e-03,268.6236
uniform,8,4,4000,0,2.707781e-02,2.797510e-03,9.437498e-03,1.484280e-02,1.221543e+01,6.657044e-03,0.1770
uniform,8,4,4000,200,2.602077e-03,3.076794e-05,2.426548e-03,1.447608e-04,9.386520e-01,9.561369e-03,26.6185
uniform,8,4,4000,400,2.539710e-03,2.917963e-05,2.372622e-03,1.379084e-04,9.312337e-01,9.553794e-03,53.2417
uniform,8,4,4000,600,2.472678e-03,3.125295e-05,2.306110e-03,1.353143e-04,9.221278e-01,9.534510e-03,79.2557
uniform,8,4,4000,800,2.391178e-03,3.323597e-05,2.220944e-03,1.369975e-04,9.097752e-01,9.505134e-03,105.2314
uniform,8,4,4000,1000,2.269022e-03,3.220026e-05,2.095909e-03,1.409129e-04,8.912414e-01,9.458965e-03,132.0977
uniform,8,4,4000,1200,2.109647e-03,2.769619e-05,1.921531e-03,1.604197e-04,8.637759e-01,9.358870e-03,158.7888
uniform,8,4,4000,1400,1.965189e-03,2.277242e-05,1.757680e-03,1.847365e-04,8.331558e-01,9.251239e-03,187.1954
uniform,8,4,4000,1600,1.833139e-03,1.870996e-05,1.604061e-03,2.103682e-04,8.024378e-01,9.143089e-03,213.4381
uniform,8,4,4000,1800,1.772371e-03,1.700854e-05,1.525485e-03,2.298767e-04,7.892347e-01,9.041473e-03,239.3788
uniform,8,4,4000,2000,1.700460e-03,1.496753e-05,1.427915e-03,2.575776e-04,7.700560e-01,8.920146e-03,265.2535
uniform,4,2,4000,0,2.030340e-01,1.044962e-03,1.704578e-01,3.153129e-02,1.762472e+00,2.087131e-03,0.1025
uniform,4,2,4000,200,6.280793e-02,1.969367e-03,5.269924e-02,8.139324e-03,7.526623e-01,3.389212e-03,15.6948
uniform,4,2,4000,400,2.215866e-02,7.972553e-04,1.382241e-02,7.538995e-03,3.791135e-01,1.575875e-03,30.9924
uniform,4,2,4000,600,1.085637e-02,1.659805e-03,5.604193e-03,3.592376e-03,2.603064e-01,1.081300e-03,46.5138
uniform,4,2,4000,800,6.580948e-03,1.324497e-03,3.037008e-03,2.219443e-03,1.964989e-01,6.703384e-04,62.0080
uniform,4,2,4000,1000,4.256799e-03,1.021401e-03,1.789605e-03,1.445793e-03,1.532319e-01,5.052134e-04,77.6467
uniform,4,2,4000,1200,3.048640e-03,8.760048e-04,1.193868e-03,9.787669e-04,1.268674e-01,4.160216e-04,93.1721
uniform,4,2,4000,1400,2.111135e-03,6.893752e-04,7.595891e-04,6.621707e-04,1.054739e-01,3.391516e-04,108.6335
uniform,4,2,4000,1600,1.577562e-03,5.771577e-04,5.165447e-04,4.838592e-04,9.067895e-02,2.964270e-04,124.2374
uniform,4,2,4000,1800,1.336960e-03,5.181697e-04,4.112888e-04,4.075019e-04,9.360022e-02,2.729615e-04,140.3686
uniform,4,2,4000,2000,9.736054e-04,3.847177e-04,2.945368e-04,2.943509e-04,7.258317e-02,2.441421e-04,155.9344
uniform,4,3,4000,0,8.541597e-02,2.363097e-03,6.972295e-02,1.332993e-02,9.292881e-01,3.810239e-03,0.0962
uniform,4,3,4000,200,3.880832e-02,7.805861e-04,3.192628e-02,6.101453e-03,6.056231e-01,2.758246e-03,15.7713
uniform,4,3,4000,400,1.496828e-02,1.043877e-03,9.714309e-03,4.210096e-03,3.412593e-01,1.395145e-03,31.5955
uniform,4,3,4000,600,9.524973e-03,1.519881e-03,5.575925e-03,2.429167e-03,2.680339e-01,1.189062e-03,47.4642
uniform,4,3,4000,800,5.941678e-03,1.390835e-03,2.893854e-03,1.656989e-03,2.001993e-01,7.158383e-04,62.9818
uniform,4,3,4000,1000,3.976505e-03,1.189484e-03,1.657373e-03,1.129649e-03,1.530894e-01,4.843242e-04,78.1158
uniform,4,3,4000,1200,2.860126e-03,1.032067e-03,1.042075e-03,7.859836e-04,1.240426e-01,4.030306e-04,93.9003
uniform,4,3,4000,1400,1.936801e-03,7.580659e-04,6.456516e-04,5.330835e-04,1.055530e-01,3.404491e-04,109.2492
uniform,4,3,4000,1600,1.551424e-03,6.055147e-04,5.045168e-04,4.413921e-04,9.486065e-02,3.032639e-04,124.6666
uniform,4,3,4000,1800,1.132055e-03,4.351531e-04,3.628164e-04,3.340859e-04,8.307391e-02,2.631685e-04,140.1492
uniform,4,3,4000,2000,9.361656e-04,3.404038e-04,3.072262e-04,2.885356e-04,7.696001e-02,2.461808e-04,155.4389
uniform,4,4,4000,0,1.602421e-01,3.463271e-02,9.734684e-02,2.826254e-02,1.970150e+00,2.373682e-03,0.1047
uniform,4,4,4000,200,4.802968e-02,1.363003e-03,4.043453e-02,6.232147e-03,7.544088e-01,3.424342e-03,15.5552
uniform,4,4,4000,400,1.958230e-02,5.573669e-04,1.275538e-02,6.269552e-03,4.108082e-01,1.880507e-03,30.8644
uniform,4,4,4000,600,1.357600e-02,9.776785e-04,8.904271e-03,3.694050e-03,3.654567e-01,1.568788e-03,46.1312
uniform,4,4,4000,800,9.377865e-03,1.004570e-03,5.660554e-03,2.712741e-03,2.752851e-01,1.095769e-03,61.4538
uniform,4,4,4000,1000,6.349227e-03,9.801030e-04,3.508196e-03,1.860927e-03,2.224997e-01,7.910547e-04,76.6654
uniform,4,4,4000,1200,4.456121e-03,8.917381e-04,2.357916e-03,1.206467e-03,1.839405e-01,6.308083e-04,92.0445
uniform,4,4,4000,1400,3.180444e-03,7.988520e-04,1.532833e-03,8.487582e-04,1.540272e-01,5.202084e-04,107.1865
uniform,4,4,4000,1600,2.429022e-03,7.354656e-04,1.064657e-03,6.288989e-04,1.334015e-01,4.596397e-04,122.9832
uniform,4,4,4000,1800,1.812300e-03,6.124690e-04,7.305598e-04,4.692714e-04,1.163586e-01,4.025961e-04,138.5757
uniform,4,4,4000,2000,1.478131e-03,5.257078e-04,5.653944e-04,3.870284e-04,1.056569e-01,3.717813e-04,154.0188
uniform,2,0,4000,0,2.798944e-01,1.907828e-03,2.595476e-01,1.843896e-02,7.851186e-01,1.434328e-03,0.0734
uniform,2,0,4000,200,1.924916e-02,4.622491e-03,7.706214e-03,6.920457e-03,1.912174e-01,3.505243e-04,10.7432
uniform,2,0,4000,400,2.213577e-03,6.446567e-04,7.098418e-04,8.590780e-04,3.261498e-02,1.329099e-04,21.6439
uniform,2,0,4000,600,1.180410e-03,3.518069e-04,3.363683e-04,4.922345e-04,2.356507e-02,9.563402e-05,31.7990
uniform,2,0,4000,800,7.845044e-04,2.465155e-04,2.176149e-04,3.203740e-04,1.848102e-02,7.637525e-05,42.0300
uniform,2,0,4000,1000,7.247961e-04,2.089538e-04,2.145902e-04,3.012522e-04,1.612417e-02,6.328365e-05,52.7329
uniform,2,0,4000,1200,4.273864e-04,1.401132e-04,1.154448e-04,1.718283e-04,1.377681e-02,5.499636e-05,63.0752
uniform,2,0,4000,1400,3.680738e-04,1.231984e-04,9.447518e-05,1.504003e-04,1.318577e-02,5.493992e-05,73.1538
uniform,2,0,4000,1600,2.741548e-04,9.356105e-05,7.192531e-05,1.086684e-04,1.090660e-02,4.849661e-05,83.2126
uniform,2,0,4000,1800,2.228146e-04,7.890794e-05,5.746228e-05,8.644439e-05,9.670430e-03,4.644492e-05,93.4227
uniform,2,0,4000,2000,2.072838e-04,7.866518e-05,5.240919e-05,7.620940e-05,9.077790e-03,4.375720e-05,103.7820
uniform,2,1,4000,0,3.476863e-01,2.752767e-02,2.950719e-01,2.508677e-02,8.069459e-01,1.766845e-03,0.0706
uniform,2,1,4000,200,1.308442e-02,4.043425e-03,5.532379e-03,3.508614e-03,1.346608e-01,2.809041e-04,11.5129
uniform,2,1,4000,400,2.405480e-03,6.785548e-04,8.747792e-04,8.521458e-04,3.577914e-02,1.392368e-04,23.1355
uniform,2,1,4000,600,1.212991e-03,3.864258e-04,3.685993e-04,4.579663e-04,2.349382e-02,1.131440e-04,33.9157
uniform,2,1,4000,800,9.043604e-04,3.094744e-04,2.665585e-04,3.283274e-04,1.870082e-02,8.261947e-05,44.5288
uniform,2,1,4000,1000,5.349678e-04,2.066901e-04,1.446674e-04,1.836103e-04,1.492488e-02,6.525808e-05,58.4579
uniform,2,1,4000,1200,4.151334e-04,1.657164e-04,1.130013e-04,1.364157e-04,1.292902e-02,5.557193e-05,71.7184
uniform,2,1,4000,1400,3.115125e-04,1.270199e-04,8.491876e-05,9.957377e-05,1.105229e-02,4.985237e-05,82.8246
uniform,2,1,4000,1600,2.715622e-04,1.121752e-04,7.416074e-05,8.522622e-05,1.023226e-02,4.763455e-05,93.6829
uniform,2,1,4000,1800,4.754792e-04,1.207932e-04,1.437034e-04,2.109826e-04,3.051464e-02,4.328398e-05,105.3083
uniform,2,1,4000,2000,2.009515e-04,8.667410e-05,5.390406e-05,6.037331e-05,8.724156e-03,4.450864e-05,119.9852
uniform,2,2,4000,0,3.942156e-01,3.351107e-02,3.526640e-01,8.040590e-03,7.783639e-01,1.626801e-03,0.0837
uniform,2,2,4000,200,2.683456e-02,4.939680e-03,1.324913e-02,8.645752e-03,1.592746e-01,4.038036e-04,15.1654
uniform,2,2,4000,400,3.896780e-03,1.234232e-03,1.564325e-03,1.098223e-03,4.460914e-02,1.396536e-04,26.6510
uniform,2,2,4000,600,1.535568e-03,5.855832e-04,4.981651e-04,4.518195e-04,2.549549e-02,9.008969e-05,37.9717
uniform,2,2,4000,800,9.525552e-04,3.812161e-04,2.763183e-04,2.950208e-04,1.916563e-02,6.969570e-05,50.5029
uniform,2,2,4000,1000,2.701282e-03,3.700988e-04,1.091956e-03,1.239227e-03,1.212355e-01,8.935724e-05,61.9922
uniform,2,2,4000,1200,4.799303e-04,1.937506e-04,1.293839e-04,1.567959e-04,1.330092e-02,5.078417e-05,74.1265
uniform,2,2,4000,1400,6.417100e-04,1.516248e-04,2.423620e-04,2.477233e-04,3.412201e-02,6.395218e-05,85.1344
uniform,2,2,4000,1600,3.602527e-04,1.229174e-04,1.086381e-04,1.286973e-04,1.569730e-02,3.642705e-05,100.4672
uniform,2,2,4000,1800,2.262742e-04,9.234805e-05,5.850858e-05,7.541761e-05,9.056673e-03,4.386898e-05,112.3939
uniform,2,2,4000,2000,2.020966e-04,8.438026e-05,5.207683e-05,6.563948e-05,8.440878e-03,4.280318e-05,124.4556
uniform,2,3,4000,0,2.710623e-01,4.186964e-03,2.590921e-01,7.783238e-03,9.595116e-01,1.607462e-03,0.0947
uniform,2,3,4000,200,3.861811e-02,6.339416e-03,1.943708e-02,1.284162e-02,2.061154e-01,5.841208e-04,11.1449
uniform,2,3,4000,400,3.300937e-03,9.694774e-04,1.337597e-03,9.938623e-04,5.763565e-02,1.661708e-04,22.7650
uniform,2,3,4000,600,3.009213e-03,4.915673e-04,1.131715e-03,1.385931e-03,3.116921e-02,7.524222e-05,33.7269
uniform,2,3,4000,800,8.038916e-03,8.541545e-04,3.177391e-03,4.007370e-03,2.060304e-01,1.219319e-04,44.4044
uniform,2,3,4000,1000,5.681108e-04,2.371743e-04,1.549627e-04,1.759739e-04,1.554364e-02,5.731650e-05,54.9543
uniform,2,3,4000,1200,4.508057e-04,1.951777e-04,1.158079e-04,1.398201e-04,1.327468e-02,5.313121e-05,65.3959
uniform,2,3,4000,1400,3.434221e-04,1.488329e-04,8.635575e-05,1.082334e-04,1.139702e-02,5.100913e-05,76.6487
uniform,2,3,4000,1600,2.845782e-04,1.275349e-04,6.960607e-05,8.743726e-05,1.007089e-02,4.870008e-05,88.4433
uniform,2,3,4000,1800,2.545817e-04,1.188854e-04,6.054971e-05,7.514663e-05,9.351832e-03,4.711720e-05,99.2540
uniform,2,3,4000,2000,2.108964e-04,9.773108e-05,5.060872e-05,6.255654e-05,8.400312e-03,4.378025e-05,110.0508
uniform,2,4,4000,0,2.588915e-01,3.974103e-03,2.126409e-01,4.227647e-02,1.297479e+00,2.046920e-03,0.0710
uniform,2,4,4000,200,2.825783e-02,6.225022e-03,1.317828e-02,8.854525e-03,1.697974e-01,3.735027e-04,10.8906
uniform,2,4,4000,400,4.673375e-03,8.707521e-04,1.864168e-03,1.938455e-03,1.148918e-01,1.423853e-04,22.0618
uniform,2,4,4000,600,1.471222e-03,4.338291e-04,4.423039e-04,5.950889e-04,2.603719e-02,1.108736e-04,32.9699
uniform,2,4,4000,800,8.188136e-04,2.813788e-04,2.193709e-04,3.180639e-04,1.872920e-02,7.992776e-05,44.4011
uniform,2,4,4000,1000,5.246812e-04,1.981049e-04,1.319755e-04,1.946008e-04,1.440066e-02,6.120564e-05,55.0039
uniform,2,4,4000,1200,9.206736e-03,6.541605e-04,4.290595e-03,4.261980e-03,2.059742e-01,1.395489e-04,65.6406
uniform,2,4,4000,1400,2.937648e-04,1.337793e-04,6.468641e-05,9.529911e-05,1.001488e-02,4.689600e-05,76.3505
uniform,2,4,4000,1600,2.540017e-04,1.195155e-04,5.365651e-05,8.082966e-05,9.190131e-03,4.556558e-05,86.9037
uniform,2,4,4000,1800,2.170022e-04,1.062384e-04,4.527777e-05,6.548602e-05,8.502642e-03,4.280192e-05,97.5841
uniform,2,4,4000,2000,1.882875e-04,8.914479e-05,3.964814e-05,5.949456e-05,1.011899e-02,3.654686e-05,109.4094
