ic,seed,step,loss,loss_r,loss_ic,loss_vel,loss_bc,rel_l2,energy_ratio,train_seconds
sine,0,0,5.711275e-01,2.543957e-03,3.982957e-01,9.314921e-02,7.713864e-02,1.225734e+00,0.031744,0.1079
sine,0,250,4.599104e-02,2.900231e-03,1.084743e-02,3.459160e-03,2.878423e-02,7.501147e-01,0.405795,12.9120
sine,0,500,2.263549e-02,7.635099e-04,1.391760e-03,2.261916e-04,2.025403e-02,5.628672e-01,0.587164,26.1794
sine,0,750,1.947299e-02,9.202112e-04,1.119101e-03,5.826059e-05,1.737542e-02,5.041036e-01,0.643305,38.7110
sine,0,1000,2.034812e-02,1.170120e-03,1.070131e-03,2.274934e-03,1.583294e-02,4.794121e-01,0.704543,51.4028
sine,0,1250,1.487297e-02,8.564169e-04,7.500307e-04,8.097468e-05,1.318555e-02,4.112051e-01,0.705974,64.4002
sine,0,1500,1.042416e-02,6.106692e-04,4.671165e-04,4.947300e-05,9.296898e-03,3.339158e-01,0.745647,76.9392
sine,0,1750,1.283608e-02,4.094125e-03,1.138895e-03,8.837880e-04,6.719274e-03,2.979698e-01,0.723494,89.5940
sine,0,2000,4.385631e-03,1.259841e-03,1.003498e-04,4.684829e-04,2.556957e-03,1.680434e-01,0.874387,102.4560
sine,0,2250,2.082388e-03,1.068274e-03,6.394414e-05,1.611292e-04,7.890404e-04,8.026243e-02,0.927877,115.2932
sine,0,2500,3.265315e-03,2.809999e-03,9.734243e-06,6.453980e-05,3.810424e-04,5.829210e-02,0.949252,128.5913
sine,0,2750,1.835453e-03,1.042444e-03,4.537134e-05,1.338495e-04,6.137881e-04,5.448178e-02,0.973223,141.6960
sine,0,3000,2.454955e-04,1.222683e-04,1.813311e-06,4.301780e-06,1.171121e-04,2.770507e-02,0.979170,154.6331
sine,0,3250,1.838701e-03,6.258605e-04,5.984053e-05,6.159032e-04,5.370970e-04,5.596552e-02,0.946861,168.2811
sine,0,3500,1.580508e-03,1.389920e-03,4.071330e-05,3.567626e-05,1.141975e-04,3.531035e-02,0.959345,181.6878
sine,0,3750,7.268514e-04,3.708416e-04,3.322334e-05,2.173696e-04,1.054169e-04,2.896502e-02,0.968680,194.6972
sine,0,4000,3.431159e-03,2.724961e-03,2.729387e-05,5.125863e-04,1.663179e-04,3.164436e-02,0.976306,207.6576
sine,0,4250,7.320371e-04,4.881259e-04,3.334711e-05,8.239783e-05,1.281663e-04,3.824582e-02,0.961865,220.6420
sine,0,4500,2.449207e-03,1.368725e-03,8.422088e-05,7.995015e-04,1.967599e-04,5.172686e-02,0.974780,233.5495
sine,0,4750,3.321929e-04,2.635276e-04,2.965971e-05,1.119522e-05,2.781039e-05,1.575688e-02,0.987160,246.9304
sine,0,5000,6.157446e-03,5.976522e-03,4.553750e-05,2.067649e-05,1.147106e-04,2.403246e-02,0.991063,260.0800
sine,1,0,6.106439e-01,2.516581e-03,5.369501e-01,2.970519e-02,4.147207e-02,1.408770e+00,0.034707,0.0561
sine,1,250,4.674751e-02,4.054615e-03,1.252537e-02,1.957711e-03,2.820981e-02,7.628835e-01,0.374400,13.3037
sine,1,500,2.570882e-02,8.710489e-04,2.694727e-03,6.824783e-04,2.146056e-02,6.122340e-01,0.522115,26.7573
sine,1,750,2.034061e-02,6.450677e-04,1.337416e-03,3.571405e-04,1.800098e-02,5.369372e-01,0.590057,40.2089
sine,1,1000,1.818057e-02,6.614766e-04,1.297934e-03,2.258188e-03,1.396297e-02,4.526683e-01,0.662053,53.4116
sine,1,1250,1.222013e-02,1.672795e-03,9.920524e-04,9.538638e-05,9.459895e-03,3.666395e-01,0.704429,66.3530
sine,1,1500,9.132437e-03,2.993611e-03,5.640397e-04,2.437962e-04,5.330991e-03,2.676419e-01,0.805025,79.3897
sine,1,1750,1.154084e-02,5.374927e-03,3.797662e-04,2.310498e-03,3.475650e-03,2.051249e-01,0.880096,92.3405
sine,1,2000,5.184003e-03,3.041828e-03,3.092841e-04,1.071830e-04,1.725709e-03,1.492136e-01,0.881095,106.1651
sine,1,2250,1.530291e-03,2.225187e-04,7.293905e-05,7.518526e-05,1.159648e-03,1.105377e-01,0.910373,119.0557
sine,1,2500,2.316668e-03,4.147640e-04,6.440622e-05,8.330338e-04,1.004464e-03,8.099100e-02,0.922342,132.3165
sine,1,2750,1.184024e-03,6.097707e-04,2.639017e-05,1.168619e-04,4.310007e-04,5.945864e-02,0.961953,145.5179
sine,1,3000,6.203521e-04,2.150651e-04,2.269938e-05,7.188910e-05,3.106985e-04,4.653935e-02,0.966822,158.6342
sine,1,3250,4.461966e-04,1.895512e-04,3.783000e-05,3.090228e-05,1.879131e-04,3.507187e-02,0.966200,171.6878
sine,1,3500,1.748682e-03,1.186924e-03,1.880033e-04,1.822771e-04,1.914770e-04,5.985909e-02,0.971781,184.5618
sine,1,3750,2.090449e-03,1.671192e-03,8.745466e-05,5.877751e-05,2.730241e-04,7.393232e-02,0.924873,197.9445
sine,1,4000,3.778912e-04,2.255814e-04,1.351794e-05,3.363264e-05,1.051592e-04,2.228624e-02,0.983376,210.7595
sine,1,4250,5.813579e-04,2.768492e-04,6.051166e-05,9.518322e-05,1.488138e-04,3.019434e-02,0.957614,223.7902
sine,1,4500,3.390524e-04,1.043852e-04,4.204195e-05,6.590164e-05,1.267236e-04,3.008522e-02,0.974632,236.7194
sine,1,4750,3.577783e-03,2.853922e-03,3.943037e-04,6.515032e-05,2.644076e-04,5.722217e-02,0.968230,249.6994
sine,1,5000,7.892242e-04,3.648002e-04,1.605892e-05,3.016719e-04,1.066932e-04,2.990809e-02,0.981259,262.5328
sine,2,0,7.287552e-01,1.584289e-03,6.260614e-01,5.616577e-02,4.494381e-02,1.010785e+00,0.009594,0.0547
sine,2,250,4.429836e-02,2.297556e-03,1.031211e-02,5.711734e-04,3.111752e-02,7.500285e-01,0.378871,13.0478
sine,2,500,2.573917e-02,1.179278e-03,2.469437e-03,6.430649e-04,2.144739e-02,5.581362e-01,0.560156,25.8764
sine,2,750,2.063191e-02,4.888888e-04,1.308398e-03,9.067187e-05,1.874395e-02,4.844643e-01,0.635403,38.6886
sine,2,1000,1.820655e-02,1.738328e-03,1.500785e-03,5.979109e-05,1.490765e-02,4.401074e-01,0.662652,51.7934
sine,2,1250,1.423816e-02,2.959680e-03,9.609511e-04,2.058189e-04,1.011171e-02,3.463550e-01,0.707027,64.5965
sine,2,1500,2.354127e-02,1.775761e-02,5.795597e-04,4.883888e-04,4.715711e-03,2.292559e-01,0.795684,77.7557
sine,2,1750,4.165934e-03,8.844250e-04,2.063300e-04,3.991375e-04,2.676041e-03,1.636929e-01,0.864872,91.2208
sine,2,2000,2.920463e-03,1.425930e-03,1.739575e-04,8.000029e-06,1.312576e-03,1.143044e-01,0.893936,104.2433
sine,2,2250,1.673904e-03,6.466419e-04,7.561697e-05,2.290764e-05,9.287378e-04,9.280488e-02,0.919797,117.3613
sine,2,2500,1.146397e-03,6.950847e-04,3.030155e-05,3.293992e-06,4.177170e-04,5.057605e-02,0.957320,130.6315
sine,2,2750,5.035687e-04,2.249881e-04,1.143134e-05,4.353606e-06,2.627957e-04,3.974217e-02,0.960202,144.1769
sine,2,3000,1.127344e-03,8.398095e-04,2.235475e-05,5.878591e-06,2.593014e-04,4.101052e-02,0.956169,157.5538
sine,2,3250,1.473636e-02,1.420209e-02,7.913736e-05,7.533543e-05,3.797951e-04,5.858258e-02,0.933129,170.3611
sine,2,3500,1.228201e-03,8.473963e-04,5.498401e-05,8.579472e-05,2.400255e-04,5.023328e-02,0.945547,183.1295
sine,2,3750,2.391015e-03,2.259622e-03,6.672070e-06,4.277975e-05,8.194132e-05,1.774079e-02,0.985857,196.2266
sine,2,4000,1.957332e-03,1.402110e-03,1.564528e-04,7.602421e-06,3.911674e-04,5.056187e-02,0.962578,209.0331
sine,2,4250,1.257747e-03,1.079703e-03,2.038284e-05,6.502299e-05,9.263873e-05,3.581068e-02,0.962132,221.9065
sine,2,4500,1.337518e-03,1.180019e-03,2.785366e-05,1.506542e-05,1.145802e-04,3.730336e-02,0.967075,234.9489
sine,2,4750,4.621200e-04,4.145807e-04,6.031945e-07,6.297751e-06,4.063841e-05,1.474261e-02,0.990000,247.7810
sine,2,5000,3.242768e-04,1.892882e-04,1.420568e-05,6.804732e-05,5.273565e-05,2.151021e-02,0.973389,260.4681
pluck,0,0,4.207109e-01,2.543957e-03,2.478791e-01,9.314921e-02,7.713864e-02,1.304722e+00,0.020089,0.0531
pluck,0,250,1.179909e-01,1.638012e-03,7.698705e-02,3.064095e-03,3.630170e-02,1.113018e+00,0.047407,12.6978
pluck,0,500,1.727869e-02,4.951536e-04,3.365690e-03,2.358616e-05,1.339426e-02,5.550225e-01,0.493064,25.3145
pluck,0,750,1.640856e-02,1.211823e-03,2.750558e-03,2.410217e-04,1.220515e-02,5.364807e-01,0.514564,37.8908
pluck,0,1000,1.486571e-02,6.230971e-04,2.383827e-03,8.509407e-04,1.100784e-02,4.984258e-01,0.497585,50.5071
pluck,0,1250,1.193732e-02,1.632934e-03,1.564777e-03,1.560502e-04,8.583559e-03,4.347612e-01,0.540688,62.8129
pluck,0,1500,1.022582e-02,2.193379e-03,1.486826e-03,6.338094e-04,5.911802e-03,3.688290e-01,0.552907,75.6676
pluck,0,1750,6.295521e-03,1.620925e-03,1.177564e-03,6.567897e-05,3.431353e-03,2.664032e-01,0.655999,89.2946
pluck,0,2000,5.565485e-03,6.951644e-04,2.009859e-03,1.012480e-04,2.759213e-03,2.557494e-01,0.625254,101.9465
pluck,0,2250,3.230052e-03,2.502603e-04,9.434025e-04,3.923069e-05,1.997159e-03,1.848157e-01,0.707144,114.8129
pluck,0,2500,4.390087e-03,7.748613e-04,1.543142e-03,1.047038e-04,1.967381e-03,2.199438e-01,0.650892,127.1212
pluck,0,2750,1.456027e-02,4.022052e-03,1.104541e-03,5.546561e-03,3.887117e-03,1.985939e-01,0.694064,139.4490
pluck,0,3000,2.726767e-03,3.889360e-04,7.838047e-04,1.200308e-04,1.433995e-03,1.591058e-01,0.734595,151.7824
pluck,0,3250,2.387135e-03,2.815656e-04,7.348850e-04,4.472367e-05,1.325961e-03,1.571192e-01,0.742019,164.0739
pluck,0,3500,1.056538e-02,4.917410e-03,7.307170e-04,2.598078e-03,2.319176e-03,1.945755e-01,0.746158,176.4063
pluck,0,3750,3.697726e-03,1.432220e-03,6.650824e-04,3.748353e-04,1.225589e-03,1.560991e-01,0.751535,188.7320
pluck,0,4000,7.195969e-03,3.363027e-03,6.442823e-04,1.128268e-03,2.060393e-03,2.060731e-01,0.736878,201.0773
pluck,0,4250,1.667561e-03,1.069845e-04,5.931638e-04,3.906716e-05,9.283454e-04,1.412438e-01,0.757711,213.3910
pluck,0,4500,4.811639e-03,3.111971e-03,6.491398e-04,1.663826e-04,8.841465e-04,1.407556e-01,0.751827,225.7064
pluck,0,4750,1.403591e-03,9.661631e-05,5.531891e-04,3.160883e-05,7.221767e-04,1.328928e-01,0.767502,238.1883
pluck,0,5000,3.766587e-03,1.483564e-03,5.454466e-04,5.678223e-04,1.169754e-03,1.538950e-01,0.760508,250.5486
pluck,1,0,4.268176e-01,2.516581e-03,3.531238e-01,2.970519e-02,4.147207e-02,1.634198e+00,0.035647,0.0599
pluck,1,250,3.419077e-02,5.592314e-03,1.139286e-02,1.577711e-03,1.562789e-02,7.435067e-01,0.266945,12.4371
pluck,1,500,1.912224e-02,5.879066e-04,3.362533e-03,2.423020e-04,1.492950e-02,6.388126e-01,0.428168,24.7401
pluck,1,750,1.928003e-02,8.239601e-04,3.094418e-03,6.344265e-04,1.472723e-02,6.304128e-01,0.428688,37.3012
pluck,1,1000,1.787361e-02,5.459011e-04,2.460854e-03,1.993472e-04,1.466751e-02,6.134713e-01,0.450540,49.6934
pluck,1,1250,1.692533e-02,3.107190e-04,2.316727e-03,7.554527e-05,1.422234e-02,6.046308e-01,0.451079,62.1106
pluck,1,1500,1.591666e-02,2.745104e-04,2.166173e-03,2.526665e-05,1.345071e-02,5.854998e-01,0.456366,74.5720
pluck,1,1750,1.540808e-02,1.045941e-03,2.023324e-03,4.161732e-04,1.192264e-02,5.602684e-01,0.478227,87.0060
pluck,1,2000,1.386529e-02,2.703993e-03,2.235902e-03,2.233115e-04,8.702087e-03,5.103740e-01,0.471173,99.3676
pluck,1,2250,7.520788e-03,4.087132e-04,1.238100e-03,8.234629e-05,5.791629e-03,3.887328e-01,0.552942,111.8983
pluck,1,2500,7.457951e-03,1.261400e-03,1.535690e-03,2.837035e-04,4.377157e-03,3.635778e-01,0.565776,124.6879
pluck,1,2750,4.949865e-03,8.485510e-04,1.071637e-03,1.545579e-04,2.875119e-03,2.834536e-01,0.614396,137.8215
pluck,1,3000,9.723963e-03,6.004134e-04,8.671879e-04,4.509385e-03,3.746977e-03,2.353321e-01,0.639052,145.9017
pluck,1,3250,3.797653e-03,6.029982e-04,1.510396e-03,2.297134e-04,1.454545e-03,2.198426e-01,0.667468,152.7211
pluck,1,3500,4.263569e-03,1.866652e-03,8.480275e-04,9.482208e-05,1.454067e-03,2.014602e-01,0.687271,159.5240
pluck,1,3750,2.395890e-03,1.032217e-04,7.697616e-04,2.355168e-04,1.287390e-03,1.713442e-01,0.713026,166.0237
pluck,1,4000,2.021963e-03,1.260363e-04,7.278580e-04,4.680513e-05,1.121264e-03,1.637528e-01,0.730433,172.5118
pluck,1,4250,2.262896e-03,9.312020e-05,7.081637e-04,2.601647e-04,1.201448e-03,1.638252e-01,0.734744,179.0153
pluck,1,4500,1.904442e-03,1.209769e-04,7.747263e-04,5.231726e-05,9.564212e-04,1.588127e-01,0.714519,185.5041
pluck,1,4750,1.677363e-03,9.516135e-05,6.302239e-04,4.004682e-05,9.119306e-04,1.483852e-01,0.747459,191.9850
pluck,1,5000,1.237771e-02,8.603549e-03,7.684578e-04,7.774603e-04,2.228243e-03,2.048620e-01,0.699785,198.6919
pluck,2,0,5.198945e-01,1.584289e-03,4.172007e-01,5.616577e-02,4.494381e-02,1.055122e+00,0.010700,0.0272
pluck,2,250,3.186157e-02,4.905364e-03,7.215301e-03,2.712090e-03,1.702881e-02,6.729321e-01,0.393627,6.8118
pluck,2,500,2.138239e-02,5.742824e-04,3.883022e-03,1.158644e-04,1.680923e-02,5.949864e-01,0.461062,13.4529
pluck,2,750,2.060566e-02,4.196899e-04,3.671468e-03,7.590835e-05,1.643860e-02,5.853946e-01,0.466726,19.9824
pluck,2,1000,1.981876e-02,5.434358e-04,3.554448e-03,1.360533e-04,1.558483e-02,5.686306e-01,0.470125,26.5188
pluck,2,1250,1.916610e-02,2.753745e-03,3.549393e-03,1.018696e-04,1.276109e-02,5.348903e-01,0.476271,33.0828
pluck,2,1500,1.450528e-02,1.627250e-03,4.375345e-03,3.550661e-04,8.147623e-03,4.713188e-01,0.499847,39.6627
pluck,2,1750,1.216949e-02,4.661658e-03,1.575161e-03,1.972179e-04,5.735453e-03,3.359252e-01,0.583727,46.3641
pluck,2,2000,5.632291e-03,5.913061e-04,1.930068e-03,5.693267e-05,3.053984e-03,2.473956e-01,0.663576,53.0175
pluck,2,2250,4.597950e-03,3.879820e-04,1.255817e-03,1.771067e-04,2.777044e-03,2.060311e-01,0.705898,59.6561
pluck,2,2500,3.274022e-03,2.013774e-04,1.226509e-03,2.475270e-05,1.821382e-03,1.618417e-01,0.744167,66.3943
pluck,2,2750,7.547789e-03,3.109295e-03,1.333169e-03,7.559722e-05,3.029729e-03,2.438163e-01,0.678489,73.0999
pluck,2,3000,3.898425e-03,6.883770e-04,1.265328e-03,5.291544e-05,1.891805e-03,1.644761e-01,0.714914,79.7097
pluck,2,3250,4.123829e-03,1.098034e-03,1.279165e-03,8.697193e-05,1.659659e-03,1.716149e-01,0.724478,86.1869
pluck,2,3500,2.704471e-03,1.060082e-04,1.168486e-03,6.137793e-05,1.368599e-03,1.479955e-01,0.750282,92.8147
pluck,2,3750,2.948906e-03,5.642171e-04,1.127484e-03,2.921349e-05,1.227992e-03,1.387311e-01,0.771258,99.3093
pluck,2,4000,2.687392e-03,1.867265e-04,1.151639e-03,7.422655e-05,1.274800e-03,1.479531e-01,0.750496,105.8804
pluck,2,4250,4.928853e-03,2.608345e-04,1.220830e-03,1.458501e-03,1.988688e-03,1.614349e-01,0.746518,112.5846
pluck,2,4500,2.270290e-03,7.446437e-05,1.088802e-03,3.999568e-05,1.067028e-03,1.350575e-01,0.771416,119.1859
pluck,2,4750,3.228045e-03,6.686758e-04,1.167628e-03,6.199630e-05,1.329745e-03,1.399970e-01,0.755792,125.6767
pluck,2,5000,4.048197e-03,1.379630e-03,1.399716e-03,6.971137e-05,1.199140e-03,1.582445e-01,0.747501,132.3500
