ic,cfl,nx,nt,dx,dt,rel_l2,seconds,energy_ratio,energy_drift
sine,1.0,26,50,0.04,0.04,3.9738565796891566e-16,0.0005192919634282589,0.9947472814836568,5.427989024632058e-16
sine,1.0,51,100,0.02,0.02,7.658401710555832e-16,0.0006708749569952488,0.9986847452380956,1.261537285696701e-15
sine,1.0,101,200,0.01,0.01,5.780085481030481e-16,0.0013307919725775719,0.9996710564765081,9.002090056181647e-16
sine,1.0,201,400,0.005,0.005,7.765801442873286e-16,0.002974333008751273,0.9999177560024182,1.6199764311904489e-15
sine,1.0,401,800,0.0025,0.0025,1.2701885994783536e-15,0.007898957934230566,0.9999794384932763,2.6997941749240127e-15
sine,1.0,801,1600,0.00125,0.00125,1.586998724472564e-15,0.022033666959032416,0.999994859591612,4.319604065469662e-15
sine,0.9,26,56,0.04,0.03571428571428571,0.00046714338273328966,0.00045070797204971313,0.9955458232399776,9.039391926403092e-16
sine,0.9,51,112,0.02,0.017857142857142856,0.0001176893461753083,0.0006982081104069948,0.9988847751958854,1.9820187494027045e-15
sine,0.9,101,223,0.01,0.008968609865470852,2.8500469130539955e-05,0.0014302078634500504,0.9997193208632356,4.320794617844165e-15
sine,0.9,201,445,0.005,0.0044943820224719105,7.008431071522137e-06,0.0032087077852338552,0.9999296003489139,7.19980996567729e-15
sine,0.9,401,889,0.0025,0.0022497187851518562,1.7374277475365048e-06,0.00774024985730648,0.999982371624147,9.719230521365188e-15
sine,0.9,801,1778,0.00125,0.0011248593925759281,4.3459919125597835e-07,0.020534290932118893,0.9999955928799824,4.301602560865526e-14
sine,0.5,26,100,0.04,0.02,0.0017395825488692605,0.0007249170448631048,0.997700379299486,1.4431793855030217e-15
sine,0.5,51,200,0.02,0.01,0.00043684143997832655,0.0012547080405056477,0.9994244786669048,6.663190177043592e-15
sine,0.5,101,400,0.01,0.005,0.00010946903350694261,0.002650707960128784,0.9998560811209406,3.4201611990106782e-15
sine,0.5,201,800,0.005,0.0025,2.740056866942324e-05,0.005663959076628089,0.9999640178705617,1.5839036745719565e-14
sine,0.5,401,1600,0.0025,0.00125,6.854367305134279e-06,0.013289832975715399,0.9999910043170276,3.221717119497433e-14
sine,0.5,801,3200,0.00125,0.000625,1.7141238675704997e-06,0.04765387484803796,0.9999977510698431,6.80335673125571e-14
sine,0.25,26,200,0.04,0.01,0.0021846912684083328,0.0012831250205636024,0.9984386537534431,6.30924112381914e-15
sine,0.25,51,400,0.02,0.005,0.0005473755385979259,0.002451542066410184,0.999609412024107,7.202116161541502e-15
sine,0.25,101,800,0.01,0.0025,0.00013700474461115358,0.005044708959758282,0.9999023372820488,1.4940013018030793e-14
sine,0.25,201,1600,0.005,0.00125,3.427195534037579e-05,0.011822249973192811,0.9999755833375984,3.095775922189726e-14
sine,0.25,401,3200,0.0025,0.000625,8.570626430297467e-06,0.04795441683381796,0.999993895772965,3.437688215427976e-14
sine,0.25,801,6400,0.00125,0.0003125,2.142988912614166e-06,0.07870183303020895,0.9999984739394012,7.775259215209979e-14
pluck,1.0,26,50,0.04,0.04,6.967719062327166e-16,0.00041820784099400043,0.9285714285714286,8.034598627441133e-16
pluck,1.0,51,100,0.02,0.02,8.649753923936787e-16,0.0006523749325424433,0.9761904761904755,7.642666987078157e-16
pluck,1.0,101,200,0.01,0.01,8.134277879998696e-16,0.0012574580032378435,0.9880952380952367,2.4539406651281087e-15
pluck,1.0,201,400,0.005,0.005,7.70855754415723e-16,0.0029307089280337095,0.9940476190476184,2.0639777312408672e-15
pluck,1.0,401,800,0.0025,0.0025,8.673851657399389e-16,0.0065945840906351805,0.9970238095238089,2.993187787178072e-15
pluck,1.0,801,1600,0.00125,0.00125,1.837134185696125e-15,0.016398417064920068,0.9985119047619037,6.911431188910622e-15
pluck,0.9,26,56,0.04,0.03571428571428571,0.016875308847338528,0.0004311671946197748,0.9334001457725949,9.991291997423135e-16
pluck,0.9,51,112,0.02,0.017857142857142856,0.010337740831559122,0.0006894997786730528,0.9810191933916418,2.851893256423245e-15
pluck,0.9,101,223,0.01,0.008968609865470852,0.004823431265261148,0.0013705419842153788,0.9904242901286865,3.766415464483246e-15
pluck,0.9,201,445,0.005,0.0044943820224719105,0.0023006172113572807,0.003120417008176446,0.9951906024371632,2.6238637578807355e-15
pluck,0.9,401,889,0.0025,0.0022497187851518562,0.0011148979851929625,0.007160124834626913,0.9975898882798747,1.907074437450519e-14
pluck,0.9,801,1778,0.00125,0.0011248593925759281,0.0005474907533301897,0.020856250077486038,0.9987949441399376,3.772198566355637e-14
pluck,0.5,26,100,0.04,0.02,0.03313165083164006,0.000697124982252717,0.9464285714285713,1.3795254247115909e-15
pluck,0.5,51,200,0.02,0.01,0.01816886211068954,0.0012140830513089895,0.9940476190476185,2.2516120704445822e-15
pluck,0.5,101,400,0.01,0.005,0.008856974989275816,0.0025002078618854284,0.9970238095238075,5.425152864260262e-15
pluck,0.5,201,800,0.005,0.0025,0.004350441665272735,0.005611958913505077,0.9985119047619048,1.0086953627058734e-14
pluck,0.5,401,1600,0.0025,0.00125,0.0021497924641443364,0.013596124947071075,0.9992559523809561,1.1572693659659025e-14
pluck,0.5,801,3200,0.00125,0.000625,0.0010666633280430441,0.035021958872675896,0.9996279761904837,5.056504526590231e-14
pluck,0.25,26,200,0.04,0.01,0.036153182671022514,0.00315258395858109,0.9508928571428573,7.257543548918656e-15
pluck,0.25,51,400,0.02,0.005,0.019901033643550156,0.0024444591253995895,0.9985119047619043,8.779385564291864e-15
pluck,0.25,101,800,0.01,0.0025,0.009758165724320363,0.005176750011742115,0.9992559523809501,2.1092167476475445e-14
pluck,0.25,201,1600,0.005,0.00125,0.0048172967200161496,0.011553332908079028,0.999627976190476,2.0897730884801114e-14
pluck,0.25,401,3200,0.0025,0.000625,0.002388496391506476,0.02813183283433318,0.999813988095243,2.3692125470788904e-14
pluck,0.25,801,6400,0.00125,0.0003125,0.0011877500915929739,0.07023654202930629,0.9999069940476273,7.741194904891223e-14
